subject_1,subject_2,subject_3,subject_4,subject_5,subject_6,mean_score,final_lab
23,93,11,52,51,87,52.833,хорошо
27,76,54,21,22,64,44.0,хорошо
85,84,53,69,93,66,75.0,отлично
83,32,39,91,69,67,63.5,отлично
29,83,79,79,86,69,70.833,отлично
21,91,46,6,1,73,39.667,хорошо
11,56,69,7,54,64,43.5,хорошо
71,98,37,29,65,27,54.5,хорошо
1,62,16,17,51,16,27.167,удовлетворительно
59,99,98,82,38,73,74.833,отлично
27,6,5,40,56,1,22.5,удовлетворительно
4,94,71,89,11,9,46.333,хорошо
4,38,6,6,24,2,13.333,удовлетворительно
82,84,88,80,37,27,66.333,отлично
40,82,66,32,63,7,48.333,хорошо
31,13,37,22,32,6,23.5,удовлетворительно
2,68,95,25,55,82,54.5,хорошо
93,45,33,33,87,37,54.667,хорошо
31,46,56,25,11,56,37.5,хорошо
27,2,93,28,53,62,44.167,хорошо
6,23,56,52,21,55,35.5,хорошо
40,94,0,98,25,65,53.667,хорошо
16,43,63,5,52,75,42.333,хорошо
54,2,67,62,38,74,49.5,хорошо
25,61,83,80,26,55,55.0,хорошо
35,38,53,40,82,82,55.0,хорошо
0,75,6,96,13,75,44.167,хорошо
34,32,40,32,27,50,35.833,хорошо
80,81,92,14,2,19,48.0,хорошо
46,94,21,32,85,38,52.667,хорошо
32,34,74,72,50,55,52.833,хорошо
6,91,45,8,92,25,44.5,хорошо
28,12,81,4,92,7,37.333,хорошо
15,83,72,62,74,22,54.667,хорошо
25,9,3,95,73,5,35.0,хорошо
91,27,54,18,65,79,55.667,хорошо
26,8,15,87,13,74,37.167,хорошо
36,10,15,57,11,14,23.833,удовлетворительно
7,71,99,44,31,22,45.667,хорошо
8,81,61,67,61,9,47.833,хорошо
5,3,24,64,76,14,31.0,удовлетворительно
57,9,75,27,49,41,43.0,хорошо
63,45,9,35,22,27,33.5,удовлетворительно
36,71,98,46,3,74,54.667,хорошо
27,78,0,17,90,28,40.0,хорошо
93,54,98,99,14,64,70.333,отлично
47,17,62,72,28,3,38.167,хорошо
97,66,23,23,37,82,54.667,хорошо
2,10,84,43,26,47,35.333,хорошо
10,83,95,7,74,55,54.0,хорошо
34,63,99,84,59,14,58.833,хорошо
55,46,30,64,21,73,48.167,хорошо
59,9,1,15,61,99,40.667,хорошо
8,1,22,51,59,83,37.333,хорошо
65,29,70,58,96,62,63.333,отлично
91,68,91,66,23,43,63.667,отлично
19,72,85,75,82,81,69.0,отлично
21,14,93,78,70,3,46.5,хорошо
79,85,14,88,33,92,65.167,отлично
8,64,43,93,2,42,42.0,хорошо
13,15,45,28,15,36,25.333,удовлетворительно
69,59,29,37,3,31,38.0,хорошо
69,75,70,82,95,73,77.333,отлично
18,74,22,44,69,32,43.167,хорошо
50,8,58,97,25,97,55.833,хорошо
44,81,40,0,20,73,43.0,хорошо
27,28,53,9,77,55,41.5,хорошо
48,95,87,35,14,92,61.833,отлично
25,28,36,99,20,8,36.0,хорошо
90,2,23,85,33,71,50.667,хорошо
42,20,74,38,99,2,45.833,хорошо
71,35,99,10,37,51,50.5,хорошо
33,50,46,70,85,8,48.667,хорошо
59,84,27,23,93,97,63.833,отлично
58,37,91,17,95,27,54.167,хорошо
82,25,60,48,85,88,64.667,отлично
94,68,13,11,17,80,47.167,хорошо
86,29,89,37,75,51,61.167,отлично
14,79,80,26,29,12,40.0,хорошо
35,56,75,95,62,85,68.0,отлично
73,57,85,69,88,72,74.0,отлично
95,75,70,18,73,53,64.0,отлично
9,86,13,97,51,28,47.333,хорошо
3,90,2,73,77,83,54.667,хорошо
82,0,43,9,21,10,27.5,удовлетворительно
57,61,93,59,87,12,61.5,отлично
33,97,72,6,7,49,44.0,хорошо
79,12,4,35,35,83,41.333,хорошо
32,95,85,39,98,25,62.333,отлично
28,1,95,51,30,72,46.167,хорошо
85,31,9,39,55,34,42.167,хорошо
23,70,16,99,63,24,49.167,хорошо
59,96,53,43,57,90,66.333,отлично
54,70,89,91,59,89,75.333,отлично
74,92,23,55,38,3,47.5,хорошо
9,5,66,87,8,19,32.333,удовлетворительно
72,90,60,86,67,27,67.0,отлично
13,38,78,64,79,50,53.667,хорошо
72,20,17,94,74,66,57.167,хорошо
97,83,36,73,63,38,65.0,отлично
39,63,51,85,64,54,59.333,хорошо
50,84,75,26,38,87,60.0,отлично
54,78,23,69,90,44,59.667,хорошо
76,55,76,39,83,65,65.667,отлично
31,58,52,12,82,97,55.333,хорошо
62,98,62,87,74,27,68.333,отлично
98,55,1,90,85,11,56.667,хорошо
84,21,38,95,46,60,57.333,хорошо
88,27,91,92,50,48,66.0,отлично
31,52,1,57,76,65,47.0,хорошо
96,0,64,34,84,10,48.0,хорошо
11,53,35,51,30,98,46.333,хорошо
10,63,33,78,36,64,47.333,хорошо
53,36,59,7,34,64,42.167,хорошо
31,46,26,16,17,25,26.833,удовлетворительно
12,57,72,40,96,39,52.667,хорошо
25,15,56,25,85,24,38.333,хорошо
87,35,56,50,18,3,41.5,хорошо
4,19,59,12,3,22,19.833,удовлетворительно
83,39,32,19,79,65,52.833,хорошо
19,25,9,4,15,64,22.667,удовлетворительно
34,12,82,17,71,43,43.167,хорошо
89,66,2,32,58,86,55.5,хорошо
98,16,33,3,97,64,51.833,хорошо
9,98,37,97,63,62,61.0,отлично
66,65,22,86,24,18,46.833,хорошо
18,56,46,36,19,56,38.5,хорошо
98,62,16,46,46,19,47.833,хорошо
70,86,98,52,65,12,63.833,отлично
98,41,73,1,66,4,47.167,хорошо
60,6,91,0,19,0,29.333,удовлетворительно
36,40,24,78,37,93,51.333,хорошо
75,99,59,84,49,57,70.5,отлично
23,45,18,92,37,67,47.0,хорошо
52,34,63,79,74,27,54.833,хорошо
69,40,77,44,52,13,49.167,хорошо
7,8,93,72,1,54,39.167,хорошо
13,50,82,92,52,22,51.833,хорошо
13,13,69,25,86,8,35.667,хорошо
54,8,32,60,79,7,40.0,хорошо
61,59,35,55,14,83,51.167,хорошо
47,61,3,77,42,50,46.667,хорошо
75,39,87,12,57,46,52.667,хорошо
86,77,22,88,16,59,58.0,хорошо
32,97,82,51,91,24,62.833,отлично
96,50,23,38,16,69,48.667,хорошо
54,33,36,49,71,26,44.833,хорошо
95,23,15,65,33,58,48.167,хорошо
11,29,66,12,54,25,32.833,удовлетворительно
62,19,44,47,79,5,42.667,хорошо
19,55,60,42,32,32,40.0,хорошо
22,49,3,16,5,13,18.0,удовлетворительно
66,41,16,81,2,79,47.5,хорошо
19,74,96,71,16,77,58.833,хорошо
25,94,76,92,91,94,78.667,отлично
49,18,79,62,7,66,46.833,хорошо
3,62,2,55,97,20,39.833,хорошо
93,12,22,0,62,84,45.5,хорошо
32,36,11,73,88,66,51.0,хорошо
98,37,61,34,85,91,67.667,отлично
28,46,5,57,89,51,46.0,хорошо
20,5,37,90,84,79,52.5,хорошо
35,96,16,84,60,35,54.333,хорошо
98,89,99,25,72,18,66.833,отлично
91,38,23,16,37,85,48.333,хорошо
99,20,70,27,67,4,47.833,хорошо
49,25,78,27,10,30,36.5,хорошо
39,79,47,70,98,98,71.833,отлично
66,9,69,45,44,41,45.667,хорошо
40,37,49,32,86,85,54.833,хорошо
14,39,97,65,65,14,49.0,хорошо
78,3,62,82,53,13,48.5,хорошо
27,69,40,33,86,70,54.167,хорошо
55,15,91,76,19,87,57.167,хорошо
94,71,83,34,52,80,69.0,отлично
54,94,92,84,93,73,81.667,отлично
92,82,3,86,2,69,55.667,хорошо
5,89,37,43,45,22,40.167,хорошо
60,91,10,76,67,87,65.167,отлично
13,71,57,75,34,51,50.167,хорошо
21,1,1,7,2,92,20.667,удовлетворительно
72,16,91,9,5,36,38.167,хорошо
19,18,60,97,40,97,55.167,хорошо
37,35,33,74,22,3,34.0,удовлетворительно
84,51,1,93,70,78,62.833,отлично
71,78,27,90,98,8,62.0,отлично
12,10,78,21,9,79,34.833,удовлетворительно
35,43,21,24,48,1,28.667,удовлетворительно
72,67,72,86,92,75,77.333,отлично
58,82,58,95,64,30,64.5,отлично
49,54,47,16,81,61,51.333,хорошо
61,9,51,88,4,67,46.667,хорошо
66,94,15,10,26,68,46.5,хорошо
67,48,34,13,43,99,50.667,хорошо
63,79,66,18,33,11,45.0,хорошо
95,75,28,87,28,80,65.5,отлично
51,42,47,86,24,76,54.333,хорошо
46,0,35,63,67,75,47.667,хорошо
76,29,81,26,52,48,52.0,хорошо
36,4,63,42,23,24,32.0,удовлетворительно
84,40,19,90,0,0,38.833,хорошо
85,14,9,5,46,91,41.667,хорошо
97,16,71,26,58,79,57.833,хорошо
28,68,40,30,74,9,41.5,хорошо
3,37,59,31,42,14,31.0,удовлетворительно
35,86,70,4,23,29,41.167,хорошо
77,75,54,43,1,36,47.667,хорошо
67,70,23,94,2,36,48.667,хорошо
73,33,7,50,18,95,46.0,хорошо
55,48,17,47,52,4,37.167,хорошо
91,12,24,89,11,8,39.167,хорошо
64,5,40,4,68,95,46.0,хорошо
63,36,84,77,76,18,59.0,хорошо
93,61,65,81,19,97,69.333,отлично
34,29,43,71,38,20,39.167,хорошо
59,4,88,47,98,85,63.5,отлично
76,85,78,61,18,83,66.833,отлично
64,41,5,6,82,93,48.5,хорошо
56,31,93,78,15,45,53.0,хорошо
99,97,16,62,36,87,66.167,отлично
52,69,5,90,79,33,54.667,хорошо
21,42,7,9,74,72,37.5,хорошо
11,91,5,51,60,37,42.5,хорошо
68,62,61,73,88,34,64.333,отлично
83,10,17,94,8,67,46.5,хорошо
65,69,1,8,58,45,41.0,хорошо
4,13,81,27,53,2,30.0,удовлетворительно
4,7,27,72,89,38,39.5,хорошо
77,80,23,12,71,31,49.0,хорошо
73,64,41,87,13,7,47.5,хорошо
23,19,25,82,81,7,39.5,хорошо
46,34,10,82,60,80,52.0,хорошо
25,94,47,60,74,21,53.5,хорошо
47,26,23,63,3,61,37.167,хорошо
9,5,82,33,34,56,36.5,хорошо
94,42,6,18,53,58,45.167,хорошо
31,14,14,33,23,84,33.167,удовлетворительно
60,58,80,34,34,65,55.167,хорошо
49,64,71,70,55,63,62.0,отлично
48,0,93,69,49,51,51.667,хорошо
55,3,4,89,22,96,44.833,хорошо
78,45,31,15,26,80,45.833,хорошо
26,10,54,34,79,54,42.833,хорошо
98,27,80,46,82,37,61.667,отлично
52,39,53,65,22,10,40.167,хорошо
68,93,69,56,71,27,64.0,отлично
59,55,95,28,35,64,56.0,хорошо
54,54,85,55,15,23,47.667,хорошо
99,26,61,54,55,92,64.5,отлично
27,47,12,67,14,22,31.5,удовлетворительно
15,45,39,73,17,65,42.333,хорошо
78,30,16,60,80,51,52.5,хорошо
8,66,5,44,83,21,37.833,хорошо
16,26,83,25,58,4,35.333,хорошо
45,79,35,72,66,40,56.167,хорошо
5,78,61,78,94,37,58.833,хорошо
70,83,68,6,19,45,48.5,хорошо
1,90,38,53,3,21,34.333,удовлетворительно
2,26,10,97,46,40,36.833,хорошо
85,65,81,6,53,92,63.667,отлично
44,5,58,48,72,43,45.0,хорошо
56,48,92,99,5,82,63.667,отлично
7,26,62,95,33,6,38.167,хорошо
93,27,93,11,80,55,59.833,хорошо
11,46,42,21,71,70,43.5,хорошо
90,84,24,6,65,29,49.667,хорошо
62,28,0,0,68,11,28.167,удовлетворительно
46,44,38,65,46,42,46.833,хорошо
6,14,56,11,60,45,32.0,удовлетворительно
88,37,39,1,12,22,33.167,удовлетворительно
38,3,29,64,89,27,41.667,хорошо
50,74,27,14,67,23,42.5,хорошо
93,61,31,34,41,6,44.333,хорошо
86,32,35,27,65,24,44.833,хорошо
33,57,78,48,63,41,53.333,хорошо
59,1,95,64,29,42,48.333,хорошо
59,90,91,26,46,53,60.833,отлично
56,38,29,13,42,13,31.833,удовлетворительно
41,41,21,54,44,12,35.5,хорошо
15,68,97,68,74,61,63.833,отлично
25,54,80,1,28,24,35.333,хорошо
79,29,10,43,74,27,43.667,хорошо
85,2,94,31,45,73,55.0,хорошо
50,24,58,70,68,88,59.667,хорошо
33,35,31,0,8,76,30.5,удовлетворительно
99,18,13,76,6,44,42.667,хорошо
26,7,95,81,14,98,53.5,хорошо
49,92,5,30,97,13,47.667,хорошо
4,85,92,99,14,11,50.833,хорошо
97,38,17,67,97,13,54.833,хорошо
52,36,69,95,0,37,48.167,хорошо
46,61,44,13,94,74,55.333,хорошо
74,91,92,90,98,12,76.167,отлично
89,30,12,41,50,66,48.0,хорошо
16,12,62,88,45,3,37.667,хорошо
4,76,43,53,8,13,32.833,удовлетворительно
7,41,91,22,33,90,47.333,хорошо
62,59,3,33,63,74,49.0,хорошо
39,47,36,4,9,47,30.333,удовлетворительно
88,78,73,71,42,11,60.5,отлично
65,9,99,49,32,64,53.0,хорошо
79,29,88,72,66,11,57.5,хорошо
75,4,59,64,22,50,45.667,хорошо
91,38,5,48,18,54,42.333,хорошо
1,80,59,7,64,6,36.167,хорошо
94,60,15,71,16,40,49.333,хорошо
79,77,20,99,2,69,57.667,хорошо
41,41,95,79,27,66,58.167,хорошо
55,45,77,74,86,38,62.5,отлично
0,33,54,16,9,35,24.5,удовлетворительно
46,14,9,20,78,92,43.167,хорошо
12,16,10,16,49,43,24.333,удовлетворительно
81,79,48,51,0,24,47.167,хорошо
16,18,68,86,6,53,41.167,хорошо
10,61,37,15,70,19,35.333,хорошо
46,67,19,69,27,14,40.333,хорошо
23,24,39,62,70,95,52.167,хорошо
2,42,95,8,22,81,41.667,хорошо
30,61,39,96,25,4,42.5,хорошо
37,0,23,10,66,16,25.333,удовлетворительно
95,16,34,29,12,54,40.0,хорошо
21,33,28,68,38,16,34.0,удовлетворительно
7,61,96,27,70,83,57.333,хорошо
30,44,81,46,24,39,44.0,хорошо
56,7,85,36,75,6,44.167,хорошо
43,92,32,83,26,7,47.167,хорошо
42,13,60,72,90,0,46.167,хорошо
71,43,80,6,7,53,43.333,хорошо
5,16,73,58,86,41,46.5,хорошо
77,15,92,86,74,14,59.667,хорошо
71,55,79,29,5,18,42.833,хорошо
24,96,12,45,25,97,49.833,хорошо
96,86,74,73,41,41,68.5,отлично
74,50,38,26,44,55,47.833,хорошо
57,60,50,87,72,78,67.333,отлично
29,29,17,36,95,44,41.667,хорошо
85,25,17,39,20,79,44.167,хорошо
17,76,24,71,37,68,48.833,хорошо
18,51,5,7,67,6,25.667,удовлетворительно
94,67,63,0,35,63,53.667,хорошо
64,74,53,86,34,71,63.667,отлично
36,56,6,48,20,86,42.0,хорошо
54,39,50,95,86,13,56.167,хорошо
51,58,87,44,59,53,58.667,хорошо
87,78,92,59,58,77,75.167,отлично
51,20,6,64,67,87,49.167,хорошо
4,87,74,7,12,69,42.167,хорошо
14,72,71,81,52,41,55.167,хорошо
67,43,9,23,91,4,39.5,хорошо
97,35,88,94,62,54,71.667,отлично
40,66,11,17,92,35,43.5,хорошо
89,38,73,34,12,48,49.0,хорошо
26,5,9,58,45,63,34.333,удовлетворительно
73,41,47,0,55,37,42.167,хорошо
83,5,9,27,78,64,44.333,хорошо
60,85,89,81,89,38,73.667,отлично
44,64,21,93,81,16,53.167,хорошо
42,23,54,72,36,9,39.333,хорошо
33,25,67,98,57,22,50.333,хорошо
53,71,69,51,0,40,47.333,хорошо
62,83,30,54,30,99,59.667,хорошо
13,30,82,29,11,57,37.0,хорошо
23,14,2,57,0,10,17.667,удовлетворительно
50,2,69,66,48,12,41.167,хорошо
34,95,11,55,49,83,54.5,хорошо
20,55,84,53,78,76,61.0,отлично
90,50,15,38,55,68,52.667,хорошо
11,80,44,85,43,6,44.833,хорошо
39,91,60,43,34,59,54.333,хорошо
47,5,61,10,71,24,36.333,хорошо
51,58,63,39,74,17,50.333,хорошо
80,93,19,21,99,69,63.5,отлично
12,38,65,80,58,34,47.833,хорошо
41,93,66,48,16,26,48.333,хорошо
66,42,93,2,90,22,52.5,хорошо
41,19,45,51,15,56,37.833,хорошо
12,22,86,87,10,51,44.667,хорошо
87,51,25,39,78,78,59.667,хорошо
52,18,91,48,72,68,58.167,хорошо
66,77,30,82,27,47,54.833,хорошо
28,68,59,40,11,72,46.333,хорошо
52,17,18,81,61,52,46.833,хорошо
32,95,45,63,18,82,55.833,хорошо
77,43,32,25,28,66,45.167,хорошо
19,1,38,80,46,10,32.333,удовлетворительно
42,13,70,33,8,30,32.667,удовлетворительно
54,13,45,14,98,72,49.333,хорошо
1,36,1,76,54,55,37.167,хорошо
41,42,82,91,1,23,46.667,хорошо
99,69,25,47,30,19,48.167,хорошо
66,30,86,3,7,9,33.5,удовлетворительно
55,41,52,45,84,91,61.333,отлично
88,86,15,50,61,52,58.667,хорошо
48,5,66,24,14,46,33.833,удовлетворительно
73,82,38,2,61,54,51.667,хорошо
31,88,95,17,49,94,62.333,отлично
7,43,59,11,69,21,35.0,хорошо
5,92,24,99,91,65,62.667,отлично
61,23,10,62,80,69,50.833,хорошо
33,33,2,75,63,38,40.667,хорошо
86,5,31,76,68,74,56.667,хорошо
25,47,51,34,36,54,41.167,хорошо
78,65,79,25,40,60,57.833,хорошо
17,62,3,80,72,54,48.0,хорошо
25,69,66,95,55,46,59.333,хорошо
74,40,44,79,75,57,61.5,отлично
46,32,51,68,11,54,43.667,хорошо
13,38,36,92,21,89,48.167,хорошо
76,37,94,49,23,7,47.667,хорошо
6,45,47,99,23,55,45.833,хорошо
87,59,50,70,6,36,51.333,хорошо
94,23,24,53,37,48,46.5,хорошо
57,11,36,47,65,85,50.167,хорошо
38,93,55,59,55,48,58.0,хорошо
49,81,65,93,74,22,64.0,отлично
61,12,47,36,14,28,33.0,удовлетворительно
35,37,81,96,19,52,53.333,хорошо
47,71,47,93,3,94,59.167,хорошо
94,49,0,42,70,15,45.0,хорошо
63,37,54,38,14,64,45.0,хорошо
75,55,46,41,87,32,56.0,хорошо
0,14,35,27,50,75,33.5,удовлетворительно
97,37,23,46,43,50,49.333,хорошо
82,23,75,34,39,89,57.0,хорошо
75,8,37,71,82,41,52.333,хорошо
51,67,18,34,77,26,45.5,хорошо
83,30,92,33,58,80,62.667,отлично
55,96,96,88,64,16,69.167,отлично
75,77,53,46,13,95,59.833,хорошо
88,16,22,69,47,9,41.833,хорошо
14,26,90,70,48,95,57.167,хорошо
45,80,90,93,28,16,58.667,хорошо
94,85,54,16,69,86,67.333,отлично
9,56,59,16,93,74,51.167,хорошо
82,77,81,29,59,16,57.333,хорошо
83,70,99,59,82,45,73.0,отлично
71,70,97,19,73,95,70.833,отлично
2,89,32,26,69,80,49.667,хорошо
26,79,66,44,46,42,50.5,хорошо
33,23,38,85,10,67,42.667,хорошо
69,50,93,9,48,26,49.167,хорошо
89,53,7,94,21,33,49.5,хорошо
29,70,15,97,90,56,59.5,хорошо
71,28,43,75,74,22,52.167,хорошо
59,56,64,93,95,31,66.333,отлично
66,92,47,95,93,12,67.5,отлично
22,93,41,16,17,49,39.667,хорошо
72,81,63,95,3,82,66.0,отлично
71,83,19,33,39,46,48.5,хорошо
45,35,63,39,41,91,52.333,хорошо
63,1,24,16,42,52,33.0,удовлетворительно
48,29,19,32,30,36,32.333,удовлетворительно
37,47,63,59,4,87,49.5,хорошо
31,78,17,96,35,95,58.667,хорошо
89,6,83,33,54,74,56.5,хорошо
96,70,21,72,6,66,55.167,хорошо
52,51,67,28,57,91,57.667,хорошо
49,16,35,8,79,60,41.167,хорошо
66,62,81,88,3,73,62.167,отлично
11,34,51,65,96,54,51.833,хорошо
99,74,20,61,15,74,57.167,хорошо
61,88,18,42,29,0,39.667,хорошо
34,95,14,7,22,48,36.667,хорошо
42,21,19,4,33,85,34.0,удовлетворительно
35,4,97,16,76,44,45.333,хорошо
59,43,18,85,60,4,44.833,хорошо
54,83,29,53,59,9,47.833,хорошо
70,89,47,29,20,85,56.667,хорошо
15,12,74,42,41,82,44.333,хорошо
26,14,53,39,8,35,29.167,удовлетворительно
62,43,63,75,23,20,47.667,хорошо
95,63,31,23,42,21,45.833,хорошо
88,52,75,48,58,84,67.5,отлично
85,61,90,55,97,9,66.167,отлично
79,94,66,48,91,82,76.667,отлично
65,51,16,56,33,56,46.167,хорошо
39,84,33,57,28,73,52.333,хорошо
41,94,5,83,54,45,53.667,хорошо
40,14,87,10,82,56,48.167,хорошо
92,39,1,58,29,71,48.333,хорошо
75,22,41,48,20,85,48.5,хорошо
86,89,57,52,21,40,57.5,хорошо
14,12,55,7,12,62,27.0,удовлетворительно
91,28,4,51,56,81,51.833,хорошо
15,49,28,89,61,54,49.333,хорошо
75,13,5,74,62,70,49.833,хорошо
99,92,99,44,38,42,69.0,отлично
86,61,56,4,0,58,44.167,хорошо
16,71,91,13,71,56,53.0,хорошо
1,59,2,49,7,40,26.333,удовлетворительно
91,43,94,75,94,36,72.167,отлично
29,83,14,22,3,66,36.167,хорошо
66,73,15,73,98,64,64.833,отлично
34,43,50,93,95,93,68.0,отлично
69,95,93,48,50,81,72.667,отлично
36,42,86,30,34,97,54.167,хорошо
82,95,35,88,57,57,69.0,отлично
97,12,61,65,14,16,44.167,хорошо
48,11,93,88,23,14,46.167,хорошо
83,56,14,65,64,12,49.0,хорошо
44,38,96,58,35,92,60.5,отлично
17,59,97,77,13,68,55.167,хорошо
26,41,48,82,95,78,61.667,отлично
3,37,9,59,27,33,28.0,удовлетворительно
67,38,86,11,46,61,51.5,хорошо
15,29,52,43,13,33,30.833,удовлетворительно
42,33,19,29,93,51,44.5,хорошо
19,83,31,11,10,34,31.333,удовлетворительно
23,90,75,56,93,86,70.5,отлично
77,81,99,5,14,19,49.167,хорошо
42,50,13,35,54,93,47.833,хорошо
12,52,65,88,68,72,59.5,хорошо
89,86,70,57,76,81,76.5,отлично
71,84,77,67,64,71,72.333,отлично
87,71,16,38,66,29,51.167,хорошо
35,91,91,86,74,13,65.0,отлично
81,27,64,80,57,85,65.667,отлично
94,69,76,41,35,75,65.0,отлично
32,49,35,26,92,3,39.5,хорошо
20,19,56,11,80,87,45.5,хорошо
22,25,1,31,54,45,29.667,удовлетворительно
36,4,11,56,24,86,36.167,хорошо
36,32,0,51,79,88,47.667,хорошо
90,36,75,49,6,98,59.0,хорошо
75,24,96,1,21,18,39.167,хорошо
6,32,48,23,96,32,39.5,хорошо
21,9,8,83,62,11,32.333,удовлетворительно
10,26,37,9,32,98,35.333,хорошо
53,3,98,34,13,32,38.833,хорошо
21,32,53,4,75,88,45.5,хорошо
42,35,97,71,78,99,70.333,отлично
72,22,12,76,23,7,35.333,хорошо
11,76,46,49,61,33,46.0,хорошо
66,19,60,45,85,12,47.833,хорошо
17,97,41,47,24,18,40.667,хорошо
57,64,96,24,22,70,55.5,хорошо
93,60,55,1,35,68,52.0,хорошо
51,87,14,56,77,89,62.333,отлично
79,42,64,11,36,35,44.5,хорошо
14,64,13,75,93,77,56.0,хорошо
72,70,1,39,67,47,49.333,хорошо
38,62,80,18,23,40,43.5,хорошо
36,5,93,31,96,69,55.0,хорошо
9,92,64,77,96,49,64.5,отлично
5,42,41,99,72,84,57.167,хорошо
2,55,94,48,41,16,42.667,хорошо
38,85,14,14,6,22,29.833,удовлетворительно
99,16,22,30,55,22,40.667,хорошо
99,99,68,48,80,8,67.0,отлично
59,1,63,57,55,77,52.0,хорошо
13,37,1,61,87,4,33.833,удовлетворительно
13,25,95,49,96,25,50.5,хорошо
17,52,71,61,53,69,53.833,хорошо
1,84,11,15,35,72,36.333,хорошо
9,20,85,42,91,33,46.667,хорошо
52,19,76,16,5,47,35.833,хорошо
26,45,7,37,36,4,25.833,удовлетворительно
20,53,96,17,15,86,47.833,хорошо
12,74,54,19,61,85,50.833,хорошо
31,89,3,18,75,58,45.667,хорошо
63,58,33,19,27,87,47.833,хорошо
95,69,25,6,39,66,50.0,хорошо
50,31,92,74,64,21,55.333,хорошо
70,37,86,10,87,41,55.167,хорошо
38,87,71,96,19,15,54.333,хорошо
13,99,55,72,75,11,54.167,хорошо
0,48,95,80,21,11,42.5,хорошо
26,52,12,86,85,63,54.0,хорошо
77,38,18,70,60,12,45.833,хорошо
0,48,29,1,20,5,17.167,удовлетворительно
50,94,14,84,23,24,48.167,хорошо
55,27,56,65,51,21,45.833,хорошо
56,9,6,45,57,32,34.167,удовлетворительно
58,39,72,6,31,8,35.667,хорошо
36,78,88,15,11,2,38.333,хорошо
12,74,46,6,63,71,45.333,хорошо
15,98,53,44,69,45,54.0,хорошо
20,6,73,14,36,86,39.167,хорошо
64,95,69,55,40,25,58.0,хорошо
6,50,46,9,66,11,31.333,удовлетворительно
53,4,33,95,53,31,44.833,хорошо
48,68,20,38,45,67,47.667,хорошо
6,8,60,97,17,3,31.833,удовлетворительно
42,35,51,42,65,57,48.667,хорошо
68,21,69,30,73,71,55.333,хорошо
57,98,64,14,83,4,53.333,хорошо
16,28,79,39,2,29,32.167,удовлетворительно
70,67,19,52,0,51,43.167,хорошо
25,20,24,86,67,78,50.0,хорошо
16,35,68,92,0,34,40.833,хорошо
72,5,0,25,69,19,31.667,удовлетворительно
36,95,45,4,84,55,53.167,хорошо
25,73,93,82,86,65,70.667,отлично
64,45,93,96,75,41,69.0,отлично
82,85,40,40,29,38,52.333,хорошо
51,31,75,12,31,49,41.5,хорошо
58,64,65,6,68,54,52.5,хорошо
60,46,5,3,45,49,34.667,удовлетворительно
3,60,52,60,14,6,32.5,удовлетворительно
48,47,28,83,82,55,57.167,хорошо
56,54,60,13,43,63,48.167,хорошо
20,78,70,47,60,63,56.333,хорошо
13,21,98,98,4,16,41.667,хорошо
54,75,34,69,31,98,60.167,отлично
80,41,23,71,75,61,58.5,хорошо
12,83,62,54,53,6,45.0,хорошо
47,83,83,59,22,21,52.5,хорошо
73,14,54,22,66,52,46.833,хорошо
93,91,46,66,24,26,57.667,хорошо
70,39,86,0,26,9,38.333,хорошо
16,8,97,25,91,27,44.0,хорошо
45,77,97,92,45,95,75.167,отлично
40,44,48,32,66,88,53.0,хорошо
63,84,42,69,39,41,56.333,хорошо
58,28,55,74,6,81,50.333,хорошо
42,11,59,98,19,24,42.167,хорошо
28,95,71,17,1,69,46.833,хорошо
81,55,54,19,61,88,59.667,хорошо
54,9,38,6,73,52,38.667,хорошо
30,5,14,22,87,75,38.833,хорошо
88,47,88,41,27,78,61.5,отлично
20,67,52,49,93,98,63.167,отлично
79,29,35,51,74,70,56.333,хорошо
61,50,19,7,44,84,44.167,хорошо
87,17,17,95,74,1,48.5,хорошо
66,53,32,22,27,25,37.5,хорошо
87,19,89,38,14,5,42.0,хорошо
29,94,5,28,92,23,45.167,хорошо
88,11,95,48,73,69,64.0,отлично
16,18,6,0,33,82,25.833,удовлетворительно
16,42,53,47,79,16,42.167,хорошо
29,81,30,27,8,63,39.667,хорошо
18,21,83,50,81,8,43.5,хорошо
15,41,92,93,17,32,48.333,хорошо
12,59,65,65,3,81,47.5,хорошо
32,78,57,92,15,63,56.167,хорошо
88,58,84,43,45,51,61.5,отлично
11,22,20,84,39,27,33.833,удовлетворительно
61,23,39,42,29,83,46.167,хорошо
60,1,43,52,46,54,42.667,хорошо
47,96,82,55,93,65,73.0,отлично
29,24,31,36,74,94,48.0,хорошо
11,55,8,26,63,23,31.0,удовлетворительно
85,29,82,94,45,81,69.333,отлично
60,91,41,37,84,59,62.0,отлично
58,54,93,33,91,12,56.833,хорошо
96,70,8,63,87,62,64.333,отлично
79,57,76,4,87,74,62.833,отлично
10,54,97,6,65,91,53.833,хорошо
98,73,39,73,21,42,57.667,хорошо
64,19,69,18,90,92,58.667,хорошо
83,32,84,62,9,57,54.5,хорошо
3,70,38,27,4,80,37.0,хорошо
94,56,21,40,69,81,60.167,отлично
64,67,43,31,15,50,45.0,хорошо
37,30,68,80,94,94,67.167,отлично
84,2,77,79,26,57,54.167,хорошо
35,27,12,40,27,15,26.0,удовлетворительно
8,95,4,87,45,87,54.333,хорошо
60,16,43,47,41,12,36.5,хорошо
28,86,14,60,86,60,55.667,хорошо
86,55,48,17,97,58,60.167,отлично
96,17,64,34,61,0,45.333,хорошо
15,44,71,77,82,12,50.167,хорошо
7,56,36,47,32,24,33.667,удовлетворительно
33,63,64,84,8,1,42.167,хорошо
64,61,83,12,38,14,45.333,хорошо
22,27,14,81,27,51,37.0,хорошо
50,16,94,69,65,47,56.833,хорошо
66,27,49,57,3,84,47.667,хорошо
18,63,16,61,18,57,38.833,хорошо
9,35,33,40,6,4,21.167,удовлетворительно
84,21,93,1,98,56,58.833,хорошо
60,74,98,97,71,78,79.667,отлично
87,14,71,81,60,95,68.0,отлично
39,6,22,90,0,30,31.167,удовлетворительно
97,44,93,51,76,68,71.5,отлично
35,0,60,61,29,2,31.167,удовлетворительно
46,90,18,76,18,44,48.667,хорошо
52,68,63,67,57,5,52.0,хорошо
50,84,86,26,76,14,56.0,хорошо
2,82,82,62,90,66,64.0,отлично
96,82,29,93,21,29,58.333,хорошо
6,80,6,68,53,44,42.833,хорошо
81,70,79,13,28,71,57.0,хорошо
8,46,11,26,68,38,32.833,удовлетворительно
6,2,69,0,44,12,22.167,удовлетворительно
91,81,49,40,30,80,61.833,отлично
87,21,90,24,56,29,51.167,хорошо
24,16,63,11,37,39,31.667,удовлетворительно
41,59,17,37,9,78,40.167,хорошо
49,23,99,28,50,54,50.5,хорошо
76,50,59,77,38,77,62.833,отлично
65,83,22,77,91,48,64.333,отлично
62,90,93,98,63,91,82.833,отлично
34,85,46,76,79,17,56.167,хорошо
58,9,8,55,94,70,49.0,хорошо
40,2,90,27,40,17,36.0,хорошо
49,91,3,50,98,28,53.167,хорошо
21,44,1,85,48,83,47.0,хорошо
42,21,86,96,81,3,54.833,хорошо
27,7,82,3,15,39,28.833,удовлетворительно
77,4,24,69,60,56,48.333,хорошо
30,72,81,74,50,75,63.667,отлично
52,12,24,30,36,94,41.333,хорошо
47,54,84,51,24,15,45.833,хорошо
56,50,71,30,3,20,38.333,хорошо
26,29,4,77,73,64,45.5,хорошо
1,56,42,77,25,38,39.833,хорошо
12,83,56,71,51,40,52.167,хорошо
36,49,15,0,92,26,36.333,хорошо
5,50,30,24,59,54,37.0,хорошо
3,5,27,40,24,6,17.5,удовлетворительно
57,62,90,75,33,53,61.667,отлично
79,23,80,4,72,12,45.0,хорошо
72,46,5,71,69,98,60.167,отлично
51,28,50,46,21,55,41.833,хорошо
17,2,66,67,47,18,36.167,хорошо
10,30,17,94,68,53,45.333,хорошо
87,34,61,75,38,29,54.0,хорошо
65,84,71,15,47,69,58.5,хорошо
32,27,33,50,92,27,43.5,хорошо
88,85,56,56,71,75,71.833,отлично
10,78,40,51,78,91,58.0,хорошо
39,17,17,44,84,72,45.5,хорошо
0,22,13,12,64,99,35.0,хорошо
72,21,63,1,67,39,43.833,хорошо
79,90,74,63,84,41,71.833,отлично
16,26,74,17,68,67,44.667,хорошо
63,24,71,61,21,81,53.5,хорошо
59,33,67,99,40,67,60.833,отлично
30,71,72,3,76,92,57.333,хорошо
62,52,2,88,38,95,56.167,хорошо
9,38,61,65,0,86,43.167,хорошо
52,30,52,78,82,81,62.5,отлично
16,3,51,57,39,9,29.167,удовлетворительно
47,60,8,44,99,63,53.5,хорошо
88,72,34,39,13,83,54.833,хорошо
64,28,93,58,41,57,56.833,хорошо
81,7,80,8,76,99,58.5,хорошо
7,60,96,33,41,57,49.0,хорошо
66,95,36,37,1,86,53.5,хорошо
8,37,8,83,18,56,35.0,хорошо
17,12,99,9,8,7,25.333,удовлетворительно
83,37,48,36,25,27,42.667,хорошо
91,99,41,70,56,18,62.5,отлично
54,63,93,99,27,71,67.833,отлично
70,69,56,22,20,19,42.667,хорошо
76,57,6,57,81,33,51.667,хорошо
85,24,41,14,41,81,47.667,хорошо
50,69,51,46,74,41,55.167,хорошо
57,29,62,64,61,57,55.0,хорошо
1,13,43,47,99,17,36.667,хорошо
85,12,29,82,51,64,53.833,хорошо
2,27,30,24,24,9,19.333,удовлетворительно
23,83,32,79,86,59,60.333,отлично
99,32,48,13,50,2,40.667,хорошо
76,95,1,17,5,76,45.0,хорошо
45,66,53,77,77,21,56.5,хорошо
0,35,62,74,64,33,44.667,хорошо
14,62,46,46,83,37,48.0,хорошо
72,13,60,77,46,21,48.167,хорошо
86,11,98,40,32,99,61.0,отлично
52,0,34,45,37,93,43.5,хорошо
44,95,70,9,72,89,63.167,отлично
3,68,29,81,66,38,47.5,хорошо
85,45,73,89,69,95,76.0,отлично
88,16,30,50,37,39,43.333,хорошо
74,83,70,35,35,65,60.333,отлично
82,48,16,50,9,34,39.833,хорошо
71,90,97,86,99,33,79.333,отлично
73,88,79,49,0,52,56.833,хорошо
66,13,55,61,91,48,55.667,хорошо
98,9,75,16,60,96,59.0,хорошо
16,61,19,51,67,75,48.167,хорошо
19,51,97,52,26,92,56.167,хорошо
68,51,81,49,34,33,52.667,хорошо
98,73,14,1,81,60,54.5,хорошо
43,53,91,90,6,2,47.5,хорошо
39,69,87,1,1,63,43.333,хорошо
78,20,85,33,21,53,48.333,хорошо
38,93,30,50,80,26,52.833,хорошо
37,97,54,3,49,86,54.333,хорошо
9,62,81,92,65,68,62.833,отлично
53,77,48,0,46,80,50.667,хорошо
85,46,84,95,58,11,63.167,отлично
5,9,25,24,23,71,26.167,удовлетворительно
69,1,40,8,21,32,28.5,удовлетворительно
78,42,97,92,3,31,57.167,хорошо
40,12,87,96,69,17,53.5,хорошо
48,65,57,75,0,50,49.167,хорошо
63,20,27,23,38,48,36.5,хорошо
85,39,11,40,3,13,31.833,удовлетворительно
58,83,7,81,79,76,64.0,отлично
97,50,26,83,88,40,64.0,отлично
5,55,52,70,10,35,37.833,хорошо
6,51,89,27,84,83,56.667,хорошо
57,15,49,88,12,25,41.0,хорошо
14,6,52,5,36,99,35.333,хорошо
22,44,43,79,14,50,42.0,хорошо
44,24,54,82,34,36,45.667,хорошо
22,41,1,2,99,85,41.667,хорошо
24,56,48,22,71,40,43.5,хорошо
28,85,16,8,41,82,43.333,хорошо
54,1,86,21,13,81,42.667,хорошо
16,8,76,98,97,77,62.0,отлично
85,18,50,99,87,61,66.667,отлично
53,16,82,31,62,12,42.667,хорошо
78,82,31,33,2,85,51.833,хорошо
44,64,35,46,92,40,53.5,хорошо
96,19,59,46,3,33,42.667,хорошо
27,97,27,21,96,82,58.333,хорошо
56,11,88,7,16,99,46.167,хорошо
45,97,71,85,25,28,58.5,хорошо
94,61,32,68,50,78,63.833,отлично
94,20,40,27,41,96,53.0,хорошо
18,48,72,87,1,0,37.667,хорошо
95,81,73,69,28,82,71.333,отлично
57,31,0,26,5,81,33.333,удовлетворительно
24,88,34,79,98,47,61.667,отлично
29,0,31,13,32,67,28.667,удовлетворительно
48,40,69,72,80,97,67.667,отлично
94,86,8,65,22,18,48.833,хорошо
19,28,65,72,79,91,59.0,хорошо
89,49,43,47,26,52,51.0,хорошо
57,60,88,15,18,29,44.5,хорошо
89,36,73,39,20,92,58.167,хорошо
24,78,74,83,38,64,60.167,отлично
17,99,3,13,86,30,41.333,хорошо
5,83,17,49,87,41,47.0,хорошо
77,51,71,32,75,24,55.0,хорошо
14,17,1,76,24,58,31.667,удовлетворительно
48,50,29,80,66,82,59.167,хорошо
64,79,93,91,93,20,73.333,отлично
19,18,22,85,76,17,39.5,хорошо
57,51,2,49,28,11,33.0,удовлетворительно
0,45,86,76,12,39,43.0,хорошо
5,24,50,71,64,76,48.333,хорошо
99,16,81,62,0,39,49.5,хорошо
67,98,75,29,19,19,51.167,хорошо
24,78,22,86,57,56,53.833,хорошо
63,46,41,72,63,29,52.333,хорошо
25,32,17,46,91,63,45.667,хорошо
74,11,23,63,69,17,42.833,хорошо
80,46,16,41,59,9,41.833,хорошо
85,67,79,58,79,14,63.667,отлично
83,79,16,54,45,86,60.5,отлично
26,21,74,86,29,3,39.833,хорошо
89,92,25,71,65,86,71.333,отлично
54,89,45,92,39,0,53.167,хорошо
9,0,48,59,35,28,29.833,удовлетворительно
19,33,15,4,89,85,40.833,хорошо
92,23,89,80,36,6,54.333,хорошо
15,70,44,33,82,81,54.167,хорошо
68,34,35,60,77,29,50.5,хорошо
20,26,1,39,62,36,30.667,удовлетворительно
27,4,4,48,23,84,31.667,удовлетворительно
7,48,26,60,43,67,41.833,хорошо
66,8,22,2,45,43,31.0,удовлетворительно
96,32,3,4,31,73,39.833,хорошо
67,13,25,64,76,19,44.0,хорошо
36,38,82,41,68,85,58.333,хорошо
73,17,45,73,42,5,42.5,хорошо
87,34,74,30,67,82,62.333,отлично
39,34,1,83,16,68,40.167,хорошо
24,24,91,74,10,83,51.0,хорошо
41,76,50,95,51,58,61.833,отлично
66,73,19,32,68,47,50.833,хорошо
4,56,88,47,93,69,59.5,хорошо
0,12,88,6,27,31,27.333,удовлетворительно
5,92,83,85,99,83,74.5,отлично
68,53,47,79,87,51,64.167,отлично
83,83,93,86,97,80,87.0,отлично
65,11,39,61,18,71,44.167,хорошо
82,29,20,5,25,56,36.167,хорошо
85,1,52,77,36,3,42.333,хорошо
90,55,69,30,60,28,55.333,хорошо
20,61,69,79,62,47,56.333,хорошо
21,76,37,95,17,15,43.5,хорошо
72,66,17,68,90,1,52.333,хорошо
20,59,58,34,22,16,34.833,удовлетворительно
98,30,90,88,59,37,67.0,отлично
70,69,8,46,33,74,50.0,хорошо
0,66,73,75,65,2,46.833,хорошо
82,13,81,68,1,5,41.667,хорошо
41,81,98,6,57,48,55.167,хорошо
61,9,94,52,57,59,55.333,хорошо
9,10,60,53,60,65,42.833,хорошо
86,99,89,85,2,31,65.333,отлично
52,88,38,58,72,38,57.667,хорошо
34,25,30,42,48,88,44.5,хорошо
0,31,87,53,65,10,41.0,хорошо
69,48,6,35,10,22,31.667,удовлетворительно
72,37,11,53,6,56,39.167,хорошо
76,15,78,86,57,19,55.167,хорошо
2,66,32,2,58,78,39.667,хорошо
32,11,24,74,33,38,35.333,хорошо
93,45,81,19,9,44,48.5,хорошо
83,32,30,44,94,59,57.0,хорошо
73,70,85,42,35,6,51.833,хорошо
24,65,0,25,60,41,35.833,хорошо
79,42,11,55,66,58,51.833,хорошо
42,87,41,47,41,6,44.0,хорошо
68,4,8,34,13,85,35.333,хорошо
3,54,93,27,7,69,42.167,хорошо
16,13,91,7,59,48,39.0,хорошо
67,31,99,12,19,76,50.667,хорошо
73,82,90,66,89,21,70.167,отлично
41,8,43,64,77,89,53.667,хорошо
79,89,98,50,60,79,75.833,отлично
2,12,86,74,95,78,57.833,хорошо
48,5,25,13,9,64,27.333,удовлетворительно
81,23,39,35,59,98,55.833,хорошо
63,51,9,50,97,25,49.167,хорошо
46,91,48,70,51,62,61.333,отлично
30,8,15,57,98,39,41.167,хорошо
14,86,29,74,53,12,44.667,хорошо
39,55,61,78,62,38,55.5,хорошо
54,92,76,20,22,74,56.333,хорошо
41,31,51,67,96,78,60.667,отлично
34,47,66,38,26,62,45.5,хорошо
52,2,23,89,6,59,38.5,хорошо
66,3,70,19,67,53,46.333,хорошо
86,83,28,68,54,12,55.167,хорошо
40,79,84,15,42,91,58.5,хорошо
0,67,44,38,41,12,33.667,удовлетворительно
70,59,20,3,22,38,35.333,хорошо
61,1,43,72,42,66,47.5,хорошо
20,4,50,64,46,50,39.0,хорошо
10,71,42,83,36,14,42.667,хорошо
36,24,13,99,78,42,48.667,хорошо
15,85,88,81,51,57,62.833,отлично
85,33,42,95,33,74,60.333,отлично
16,29,86,57,2,54,40.667,хорошо
38,12,73,12,52,91,46.333,хорошо
34,47,53,70,20,77,50.167,хорошо
65,94,44,85,73,75,72.667,отлично
91,49,5,50,99,47,56.833,хорошо
37,73,81,80,83,57,68.5,отлично
18,81,40,66,98,34,56.167,хорошо
75,41,64,92,42,92,67.667,отлично
67,9,46,29,7,19,29.5,удовлетворительно
4,44,19,53,80,67,44.5,хорошо
21,88,30,88,30,56,52.167,хорошо
58,15,93,3,51,93,52.167,хорошо
48,81,6,75,26,74,51.667,хорошо
89,54,22,28,75,30,49.667,хорошо
23,28,84,27,61,42,44.167,хорошо
63,72,88,0,19,73,52.5,хорошо
72,32,99,29,98,54,64.0,отлично
65,5,99,52,43,48,52.0,хорошо
47,98,82,12,90,96,70.833,отлично
18,12,56,36,70,71,43.833,хорошо
82,2,79,94,54,64,62.5,отлично
96,48,98,2,30,21,49.167,хорошо
55,42,53,92,86,13,56.833,хорошо
18,62,3,13,8,35,23.167,удовлетворительно
49,14,82,0,26,35,34.333,удовлетворительно
81,49,58,71,76,88,70.5,отлично
30,51,50,29,8,44,35.333,хорошо
94,75,56,81,12,3,53.5,хорошо
1,65,24,4,60,42,32.667,удовлетворительно
95,4,30,54,0,73,42.667,хорошо
10,36,91,14,86,98,55.833,хорошо
47,25,72,72,77,89,63.667,отлично
80,45,49,82,91,69,69.333,отлично
93,42,13,8,66,27,41.5,хорошо
7,45,44,67,87,34,47.333,хорошо
34,68,59,87,4,63,52.5,хорошо
94,13,79,89,8,90,62.167,отлично
92,87,38,74,49,2,57.0,хорошо
97,10,37,27,79,60,51.667,хорошо
73,59,65,99,21,6,53.833,хорошо
35,40,77,42,4,60,43.0,хорошо
65,9,46,0,41,78,39.833,хорошо
78,97,45,92,53,40,67.5,отлично
95,71,7,41,98,7,53.167,хорошо
86,70,8,30,64,87,57.5,хорошо
50,26,44,28,33,46,37.833,хорошо
5,26,29,74,50,49,38.833,хорошо
42,79,59,6,67,83,56.0,хорошо
18,86,38,2,0,84,38.0,хорошо
74,63,19,33,71,83,57.167,хорошо
14,10,3,82,36,7,25.333,удовлетворительно
47,29,6,49,22,94,41.167,хорошо
15,59,30,0,34,93,38.5,хорошо
62,42,11,6,6,70,32.833,удовлетворительно
80,66,6,23,4,40,36.5,хорошо
7,54,73,98,31,72,55.833,хорошо
26,36,1,9,17,56,24.167,удовлетворительно
61,74,40,74,14,74,56.167,хорошо
28,95,46,0,42,22,38.833,хорошо
52,34,45,3,0,7,23.5,удовлетворительно
19,41,25,9,68,34,32.667,удовлетворительно
21,35,89,58,28,42,45.5,хорошо
49,55,31,42,17,79,45.5,хорошо
72,50,67,63,99,15,61.0,отлично
51,68,0,54,82,39,49.0,хорошо
33,37,40,83,62,23,46.333,хорошо
42,98,23,24,15,95,49.5,хорошо
3,31,6,6,37,36,19.833,удовлетворительно
34,2,95,59,94,50,55.667,хорошо
45,83,90,65,5,87,62.5,отлично
38,26,91,9,59,75,49.667,хорошо
32,41,5,80,29,58,40.833,хорошо
50,20,20,50,54,5,33.167,удовлетворительно
13,85,9,6,42,90,40.833,хорошо
72,11,79,12,68,89,55.167,хорошо
3,43,53,81,16,27,37.167,хорошо
63,4,8,87,48,53,43.833,хорошо
11,61,20,91,96,87,61.0,отлично
35,9,82,55,41,87,51.5,хорошо
51,36,16,93,61,55,52.0,хорошо
81,60,37,11,21,22,38.667,хорошо
14,50,60,7,56,79,44.333,хорошо
15,8,53,80,3,59,36.333,хорошо
13,6,49,80,69,87,50.667,хорошо
94,57,84,67,54,2,59.667,хорошо
28,92,27,24,56,71,49.667,хорошо
43,13,40,67,52,80,49.167,хорошо
48,95,82,8,41,28,50.333,хорошо
26,83,98,7,47,69,55.0,хорошо
44,79,58,35,30,65,51.833,хорошо
8,34,37,33,1,41,25.667,удовлетворительно
93,52,29,19,42,68,50.5,хорошо
90,14,7,90,4,11,36.0,хорошо
39,53,15,66,22,97,48.667,хорошо
79,94,21,17,86,24,53.5,хорошо
44,42,26,61,84,31,48.0,хорошо
73,39,37,36,19,9,35.5,хорошо
92,35,43,26,49,2,41.167,хорошо
88,84,32,15,57,48,54.0,хорошо
50,5,12,55,68,25,35.833,хорошо
78,89,65,85,23,83,70.5,отлично
71,33,5,93,15,75,48.667,хорошо
58,57,42,13,66,89,54.167,хорошо
43,37,60,36,96,81,58.833,хорошо
51,32,59,86,86,17,55.167,хорошо
15,17,2,92,44,92,43.667,хорошо
62,19,82,48,0,1,35.333,хорошо
23,26,11,80,1,83,37.333,хорошо
83,56,35,70,45,32,53.5,хорошо
42,10,83,25,82,59,50.167,хорошо
77,73,81,97,40,72,73.333,отлично
21,61,59,9,59,0,34.833,удовлетворительно
84,80,5,28,90,74,60.167,отлично
53,65,31,77,6,39,45.167,хорошо
10,79,89,1,36,91,51.0,хорошо
22,76,27,32,58,1,36.0,хорошо
66,67,83,7,83,94,66.667,отлично
18,42,63,17,47,20,34.5,удовлетворительно
47,84,51,83,8,58,55.167,хорошо
64,70,20,14,18,67,42.167,хорошо
58,3,74,98,81,87,66.833,отлично
35,25,92,80,66,11,51.5,хорошо
85,4,34,32,84,58,49.5,хорошо
73,67,54,21,81,14,51.667,хорошо
25,9,44,62,52,32,37.333,хорошо
28,88,11,55,46,51,46.5,хорошо
40,28,74,86,98,14,56.667,хорошо
22,97,77,30,67,88,63.5,отлично
6,42,80,33,4,31,32.667,удовлетворительно
39,77,33,47,6,64,44.333,хорошо
34,71,11,27,18,11,28.667,удовлетворительно
31,78,51,11,78,22,45.167,хорошо
83,20,35,36,2,70,41.0,хорошо
60,97,76,51,84,39,67.833,отлично
51,7,89,0,99,1,41.167,хорошо
45,34,49,18,96,65,51.167,хорошо
92,49,83,8,87,96,69.167,отлично
32,78,34,67,26,45,47.0,хорошо
30,12,92,11,10,58,35.5,хорошо
77,77,2,33,72,18,46.5,хорошо
18,31,15,66,74,43,41.167,хорошо
60,96,61,61,33,28,56.5,хорошо
86,94,40,12,34,4,45.0,хорошо
0,56,31,40,14,29,28.333,удовлетворительно
74,84,18,76,6,79,56.167,хорошо
6,43,0,60,51,65,37.5,хорошо
16,98,43,34,63,38,48.667,хорошо
12,82,34,59,84,33,50.667,хорошо
20,46,73,59,28,55,46.833,хорошо
6,67,60,85,35,75,54.667,хорошо
90,0,21,14,24,25,29.0,удовлетворительно
58,93,3,81,84,7,54.333,хорошо
35,35,60,26,30,90,46.0,хорошо
46,47,62,98,4,38,49.167,хорошо
59,21,30,49,17,92,44.667,хорошо
16,22,23,45,60,97,43.833,хорошо
25,99,46,11,32,11,37.333,хорошо
61,74,11,11,35,89,46.833,хорошо
37,55,40,33,92,63,53.333,хорошо
19,7,15,25,20,74,26.667,удовлетворительно
0,33,76,40,91,40,46.667,хорошо
75,35,8,73,54,51,49.333,хорошо
12,57,11,7,34,90,35.167,хорошо
72,11,28,11,45,70,39.5,хорошо
34,16,54,71,26,98,49.833,хорошо
9,64,94,10,62,93,55.333,хорошо
35,71,15,57,1,61,40.0,хорошо
6,67,44,81,83,13,49.0,хорошо
91,90,33,6,3,51,45.667,хорошо
91,51,19,2,46,98,51.167,хорошо
49,97,32,50,1,98,54.5,хорошо
21,64,95,81,41,22,54.0,хорошо
51,11,62,11,22,18,29.167,удовлетворительно
11,15,51,8,59,52,32.667,удовлетворительно
6,91,55,11,81,99,57.167,хорошо
90,16,68,65,77,14,55.0,хорошо
96,15,8,94,37,67,52.833,хорошо
61,30,33,80,21,34,43.167,хорошо
99,60,16,38,83,77,62.167,отлично
90,41,94,94,16,0,55.833,хорошо
2,11,86,38,89,76,50.333,хорошо
81,29,60,58,21,77,54.333,хорошо
27,80,44,52,61,86,58.333,хорошо
27,80,45,6,79,34,45.167,хорошо
19,86,80,6,37,39,44.5,хорошо
98,17,84,17,29,26,45.167,хорошо
47,12,12,7,9,36,20.5,удовлетворительно
64,81,36,91,11,65,58.0,хорошо
41,28,74,51,20,28,40.333,хорошо
53,4,19,28,16,43,27.167,удовлетворительно
92,45,59,91,4,96,64.5,отлично
32,95,47,13,23,46,42.667,хорошо
23,68,7,51,68,67,47.333,хорошо
79,59,86,84,56,30,65.667,отлично
38,58,58,0,40,75,44.833,хорошо
35,68,46,45,20,75,48.167,хорошо
30,75,24,40,12,11,32.0,удовлетворительно
95,28,39,21,75,66,54.0,хорошо
70,18,60,86,37,26,49.5,хорошо
11,97,31,79,29,87,55.667,хорошо
16,52,82,36,12,45,40.5,хорошо
87,55,2,64,34,0,40.333,хорошо
75,91,84,42,29,56,62.833,отлично
20,64,84,28,76,14,47.667,хорошо
0,13,65,13,41,23,25.833,удовлетворительно
99,62,8,34,96,23,53.667,хорошо
36,69,45,28,72,59,51.5,хорошо
93,43,52,24,30,62,50.667,хорошо
94,63,77,15,21,53,53.833,хорошо
7,53,11,49,26,6,25.333,удовлетворительно
62,4,62,40,5,94,44.5,хорошо
13,36,13,97,39,16,35.667,хорошо
9,96,70,57,16,51,49.833,хорошо
40,67,43,0,40,27,36.167,хорошо
77,6,57,27,63,66,49.333,хорошо
69,9,14,17,3,25,22.833,удовлетворительно
57,23,87,39,22,89,52.833,хорошо
76,53,49,21,99,42,56.667,хорошо
37,15,48,86,73,51,51.667,хорошо
58,42,37,54,59,35,47.5,хорошо
16,97,43,79,80,88,67.167,отлично
84,53,4,16,7,91,42.5,хорошо
41,19,73,26,2,4,27.5,удовлетворительно
96,92,15,34,46,67,58.333,хорошо
34,81,8,45,54,1,37.167,хорошо
11,53,27,69,89,92,56.833,хорошо
24,11,27,51,41,11,27.5,удовлетворительно
29,70,46,28,38,30,40.167,хорошо
93,45,85,97,95,18,72.167,отлично
64,77,59,85,31,10,54.333,хорошо
35,30,2,56,79,71,45.5,хорошо
36,97,6,73,77,49,56.333,хорошо
81,61,66,46,58,68,63.333,отлично
51,4,82,8,74,30,41.5,хорошо
15,89,85,41,64,21,52.5,хорошо
38,80,66,48,84,0,52.667,хорошо
21,73,64,16,68,27,44.833,хорошо
34,55,77,72,46,73,59.5,хорошо
25,61,75,34,9,64,44.667,хорошо
85,23,53,39,13,33,41.0,хорошо
65,92,1,28,29,90,50.833,хорошо
98,87,46,44,42,21,56.333,хорошо
81,86,84,92,81,84,84.667,отлично
32,55,17,56,4,37,33.5,удовлетворительно
27,83,58,87,49,73,62.833,отлично
59,81,66,92,1,9,51.333,хорошо
13,23,31,46,50,29,32.0,удовлетворительно
75,21,76,87,99,68,71.0,отлично
55,4,54,27,9,89,39.667,хорошо
26,79,51,9,88,41,49.0,хорошо
56,38,49,41,59,15,43.0,хорошо
95,44,17,3,55,48,43.667,хорошо
42,0,15,12,99,90,43.0,хорошо
23,90,14,43,73,14,42.833,хорошо
73,35,92,58,19,18,49.167,хорошо
13,90,87,61,15,19,47.5,хорошо
16,66,45,73,44,13,42.833,хорошо
0,31,8,37,15,83,29.0,удовлетворительно
33,71,86,94,3,67,59.0,хорошо
78,53,67,67,6,45,52.667,хорошо
73,61,24,97,79,13,57.833,хорошо
20,37,89,85,65,23,53.167,хорошо
52,67,29,46,2,8,34.0,удовлетворительно
36,98,22,46,45,67,52.333,хорошо
44,74,51,69,96,8,57.0,хорошо
98,45,82,27,66,18,56.0,хорошо
50,91,35,71,27,13,47.833,хорошо
71,96,89,7,76,31,61.667,отлично
87,77,54,4,93,63,63.0,отлично
90,4,84,80,12,2,45.333,хорошо
67,48,16,12,9,54,34.333,удовлетворительно
95,66,49,13,25,56,50.667,хорошо
38,0,14,59,80,14,34.167,удовлетворительно
78,23,76,18,92,53,56.667,хорошо
93,67,62,11,25,9,44.5,хорошо
10,88,19,66,67,50,50.0,хорошо
43,78,66,10,87,61,57.5,хорошо
91,1,80,55,58,25,51.667,хорошо
19,23,68,18,66,53,41.167,хорошо
97,17,68,85,57,21,57.5,хорошо
72,16,3,86,34,76,47.833,хорошо
57,43,88,64,60,45,59.5,хорошо
26,89,27,65,36,95,56.333,хорошо
81,42,70,55,79,47,62.333,отлично
14,17,20,69,20,9,24.833,удовлетворительно
93,44,2,15,72,22,41.333,хорошо
21,63,29,13,88,56,45.0,хорошо
67,46,39,71,13,57,48.833,хорошо
51,94,68,4,62,1,46.667,хорошо
97,40,60,14,19,67,49.5,хорошо
33,77,23,49,22,23,37.833,хорошо
91,94,8,61,30,35,53.167,хорошо
70,68,1,46,57,25,44.5,хорошо
86,54,44,22,80,37,53.833,хорошо
88,38,98,81,28,76,68.167,отлично
38,99,19,11,8,23,33.0,удовлетворительно
18,25,4,38,21,51,26.167,удовлетворительно
21,10,81,29,16,76,38.833,хорошо
83,1,94,73,62,57,61.667,отлично
82,44,72,8,0,10,36.0,хорошо
41,65,82,17,96,79,63.333,отлично
97,55,76,23,99,57,67.833,отлично
11,98,6,77,53,57,50.333,хорошо
17,1,70,75,49,64,46.0,хорошо
89,80,0,7,64,91,55.167,хорошо
41,99,91,97,22,13,60.5,отлично
13,68,69,34,77,31,48.667,хорошо
79,79,25,71,37,46,56.167,хорошо
48,83,1,85,83,17,52.833,хорошо
0,60,66,59,5,30,36.667,хорошо
21,59,93,73,46,58,58.333,хорошо
19,73,40,17,65,12,37.667,хорошо
31,52,79,69,14,73,53.0,хорошо
11,1,55,79,84,77,51.167,хорошо
50,60,65,54,83,70,63.667,отлично
83,54,50,56,8,87,56.333,хорошо
66,97,80,24,23,43,55.5,хорошо
95,38,55,24,39,74,54.167,хорошо
87,88,81,80,19,22,62.833,отлично
43,82,18,32,73,32,46.667,хорошо
67,67,35,69,17,3,43.0,хорошо
53,4,30,77,36,91,48.5,хорошо
15,21,4,23,57,68,31.333,удовлетворительно
14,64,84,69,41,79,58.5,хорошо
7,34,73,54,90,34,48.667,хорошо
96,42,18,60,77,3,49.333,хорошо
48,62,88,90,90,67,74.167,отлично
52,64,49,49,6,68,48.0,хорошо
76,60,58,33,4,40,45.167,хорошо
12,32,71,52,19,17,33.833,удовлетворительно
92,76,53,64,36,12,55.5,хорошо
39,98,28,45,53,24,47.833,хорошо
80,47,57,29,6,49,44.667,хорошо
38,78,78,74,24,36,54.667,хорошо
56,58,98,29,99,32,62.0,отлично
66,10,43,46,15,3,30.5,удовлетворительно
28,74,98,20,86,28,55.667,хорошо
38,12,50,22,53,89,44.0,хорошо
66,22,86,27,73,66,56.667,хорошо
50,65,72,73,80,28,61.333,отлично
50,88,51,69,35,1,49.0,хорошо
49,9,74,21,82,10,40.833,хорошо
76,7,76,1,88,45,48.833,хорошо
67,31,83,64,7,91,57.167,хорошо
5,86,90,65,36,30,52.0,хорошо
79,21,33,52,5,12,33.667,удовлетворительно
66,24,50,57,86,79,60.333,отлично
55,42,16,82,6,44,40.833,хорошо
8,71,71,54,98,1,50.5,хорошо
19,90,29,93,90,84,67.5,отлично
68,73,79,85,26,3,55.667,хорошо
13,33,11,72,40,27,32.667,удовлетворительно
90,27,39,34,48,3,40.167,хорошо
54,28,68,41,99,34,54.0,хорошо
93,3,79,31,25,12,40.5,хорошо
15,14,16,81,78,56,43.333,хорошо
35,42,5,19,11,4,19.333,удовлетворительно
68,89,16,80,61,89,67.167,отлично
59,55,26,16,14,83,42.167,хорошо
41,8,93,99,9,19,44.833,хорошо
27,42,48,76,67,1,43.5,хорошо
49,41,69,55,97,29,56.667,хорошо
67,55,84,8,23,40,46.167,хорошо
45,59,66,1,31,44,41.0,хорошо
4,6,5,88,79,42,37.333,хорошо
68,38,39,14,42,97,49.667,хорошо
99,70,79,34,5,74,60.167,отлично
97,54,75,88,65,82,76.833,отлично
19,83,85,47,51,98,63.833,отлично
37,44,7,13,29,90,36.667,хорошо
92,98,82,40,55,2,61.5,отлично
18,2,47,54,65,94,46.667,хорошо
54,15,79,23,23,77,45.167,хорошо
94,56,62,67,56,39,62.333,отлично
43,97,13,27,30,83,48.833,хорошо
25,88,41,84,61,36,55.833,хорошо
91,56,38,26,2,67,46.667,хорошо
16,22,64,51,63,72,48.0,хорошо
58,47,86,38,30,5,44.0,хорошо
59,55,41,26,22,9,35.333,хорошо
10,94,94,92,75,43,68.0,отлично
78,20,44,7,8,7,27.333,удовлетворительно
86,52,93,7,31,84,58.833,хорошо
59,71,49,70,85,15,58.167,хорошо
92,54,17,18,76,49,51.0,хорошо
50,75,17,91,90,99,70.333,отлично
55,85,48,93,58,17,59.333,хорошо
13,19,28,13,5,0,13.0,удовлетворительно
22,16,96,65,50,66,52.5,хорошо
7,30,47,93,3,83,43.833,хорошо
66,14,83,53,81,30,54.5,хорошо
86,96,42,62,52,8,57.667,хорошо
55,72,34,13,43,40,42.833,хорошо
18,27,1,14,77,62,33.167,удовлетворительно
93,51,80,90,30,85,71.5,отлично
90,10,71,78,60,95,67.333,отлично
18,73,31,76,98,65,60.167,отлично
0,81,43,31,61,17,38.833,хорошо
39,70,12,49,30,66,44.333,хорошо
13,35,95,95,66,59,60.5,отлично
69,23,16,54,21,50,38.833,хорошо
87,63,63,76,86,72,74.5,отлично
91,10,84,80,76,83,70.667,отлично
5,35,71,2,25,29,27.833,удовлетворительно
93,30,94,37,46,7,51.167,хорошо
26,18,81,84,62,48,53.167,хорошо
35,83,1,23,0,63,34.167,удовлетворительно
26,68,77,51,14,91,54.5,хорошо
20,9,26,35,47,38,29.167,удовлетворительно
55,6,10,70,60,58,43.167,хорошо
51,17,12,97,97,17,48.5,хорошо
11,81,63,14,34,44,41.167,хорошо
78,10,31,88,34,86,54.5,хорошо
71,86,31,33,46,59,54.333,хорошо
26,92,69,64,58,0,51.5,хорошо
4,35,13,74,27,1,25.667,удовлетворительно
20,8,65,42,83,10,38.0,хорошо
65,84,92,47,83,43,69.0,отлично
67,50,82,49,32,64,57.333,хорошо
91,53,22,95,49,95,67.5,отлично
94,44,17,17,18,40,38.333,хорошо
63,75,98,26,3,19,47.333,хорошо
81,85,15,77,20,70,58.0,хорошо
8,6,94,60,64,30,43.667,хорошо
68,77,21,50,10,77,50.5,хорошо
87,80,19,46,54,85,61.833,отлично
83,16,31,96,54,23,50.5,хорошо
82,83,78,25,87,12,61.167,отлично
27,68,58,25,78,64,53.333,хорошо
25,48,17,20,68,14,32.0,удовлетворительно
95,10,99,81,21,60,61.0,отлично
55,48,12,96,27,79,52.833,хорошо
14,95,87,81,97,29,67.167,отлично
0,1,49,74,49,39,35.333,хорошо
37,1,52,10,70,65,39.167,хорошо
77,43,40,79,46,26,51.833,хорошо
88,36,6,61,12,64,44.5,хорошо
13,0,39,26,74,74,37.667,хорошо
21,3,59,51,34,92,43.333,хорошо
73,81,75,66,4,23,53.667,хорошо
22,67,96,79,47,59,61.667,отлично
7,7,0,56,97,45,35.333,хорошо
75,99,0,58,18,34,47.333,хорошо
77,7,90,97,16,20,51.167,хорошо
8,31,95,69,60,42,50.833,хорошо
70,85,6,79,20,41,50.167,хорошо
9,44,11,27,76,95,43.667,хорошо
46,43,18,69,2,60,39.667,хорошо
25,13,3,5,21,10,12.833,удовлетворительно
80,90,43,48,31,0,48.667,хорошо
10,36,66,18,99,37,44.333,хорошо
4,89,94,91,84,96,76.333,отлично
76,87,24,15,32,43,46.167,хорошо
97,37,84,71,80,99,78.0,отлично
83,57,24,76,13,56,51.5,хорошо
20,53,49,25,8,76,38.5,хорошо
41,50,25,52,23,71,43.667,хорошо
53,56,56,62,92,91,68.333,отлично
81,55,16,86,87,24,58.167,хорошо
70,1,30,77,92,90,60.0,отлично
18,87,24,69,7,91,49.333,хорошо
74,72,74,61,96,64,73.5,отлично
21,76,97,61,35,72,60.333,отлично
49,35,94,37,10,82,51.167,хорошо
67,60,55,72,26,46,54.333,хорошо
42,35,30,81,81,10,46.5,хорошо
12,35,48,94,92,25,51.0,хорошо
60,28,48,28,68,52,47.333,хорошо
65,57,55,32,9,61,46.5,хорошо
78,33,88,10,68,72,58.167,хорошо
25,41,3,94,70,33,44.333,хорошо
29,56,14,70,27,93,48.167,хорошо
76,73,59,54,68,99,71.5,отлично
65,22,14,77,15,38,38.5,хорошо
87,10,81,57,2,11,41.333,хорошо
45,54,25,86,2,56,44.667,хорошо
77,56,25,20,73,79,55.0,хорошо
95,85,27,9,28,90,55.667,хорошо
26,81,74,53,16,59,51.5,хорошо
70,53,49,13,2,14,33.5,удовлетворительно
31,19,74,29,5,18,29.333,удовлетворительно
51,21,68,10,59,4,35.5,хорошо
7,44,62,8,34,21,29.333,удовлетворительно
0,50,44,51,93,85,53.833,хорошо
35,63,64,7,55,62,47.667,хорошо
96,85,25,74,51,77,68.0,отлично
19,66,4,60,3,64,36.0,хорошо
80,60,67,57,83,43,65.0,отлично
15,67,57,61,72,73,57.5,хорошо
65,39,75,38,77,49,57.167,хорошо
38,17,65,32,1,22,29.167,удовлетворительно
35,33,94,59,59,4,47.333,хорошо
86,27,99,1,11,82,51.0,хорошо
91,26,61,52,56,22,51.333,хорошо
72,31,73,68,59,1,50.667,хорошо
52,37,69,32,94,0,47.333,хорошо
32,27,36,27,28,34,30.667,удовлетворительно
21,94,34,69,16,55,48.167,хорошо
73,61,89,25,54,43,57.5,хорошо
7,78,48,96,35,78,57.0,хорошо
70,58,79,20,78,64,61.5,отлично
10,91,46,20,88,1,42.667,хорошо
93,60,28,74,91,92,73.0,отлично
87,50,92,6,82,7,54.0,хорошо
20,41,32,72,92,50,51.167,хорошо
31,43,94,64,53,39,54.0,хорошо
71,22,84,87,14,94,62.0,отлично
0,4,24,67,44,45,30.667,удовлетворительно
93,23,34,74,11,70,50.833,хорошо
85,66,4,31,32,84,50.333,хорошо
7,81,93,2,43,84,51.667,хорошо
0,37,18,23,99,18,32.5,удовлетворительно
36,47,18,82,21,56,43.333,хорошо
86,76,37,39,52,93,63.833,отлично
80,83,61,36,91,68,69.833,отлично
76,41,61,80,48,67,62.167,отлично
74,61,9,24,45,1,35.667,хорошо
85,78,86,90,53,74,77.667,отлично
30,13,93,93,40,70,56.5,хорошо
82,73,28,82,15,32,52.0,хорошо
83,26,49,21,44,56,46.5,хорошо
9,43,84,75,72,23,51.0,хорошо
19,69,20,87,17,86,49.667,хорошо
79,78,18,30,91,82,63.0,отлично
70,80,85,72,61,77,74.167,отлично
51,81,49,57,49,24,51.833,хорошо
4,30,39,37,6,6,20.333,удовлетворительно
91,43,46,38,96,35,58.167,хорошо
78,22,23,67,26,77,48.833,хорошо
27,18,18,50,32,10,25.833,удовлетворительно
95,40,78,73,1,71,59.667,хорошо
86,63,59,27,87,99,70.167,отлично
33,84,11,61,27,27,40.5,хорошо
17,58,89,55,9,70,49.667,хорошо
59,68,59,36,36,41,49.833,хорошо
54,62,39,34,77,19,47.5,хорошо
52,38,24,88,53,9,44.0,хорошо
3,49,42,11,38,21,27.333,удовлетворительно
88,79,32,79,91,16,64.167,отлично
7,87,80,93,77,32,62.667,отлично
29,80,36,22,40,84,48.5,хорошо
84,31,79,4,73,24,49.167,хорошо
49,97,61,92,87,22,68.0,отлично
77,1,72,79,57,41,54.5,хорошо
76,8,28,31,63,66,45.333,хорошо
63,37,47,27,69,69,52.0,хорошо
73,94,68,17,6,7,44.167,хорошо
53,11,97,57,48,19,47.5,хорошо
41,30,92,71,10,62,51.0,хорошо
10,74,1,75,2,7,28.167,удовлетворительно
89,75,72,65,83,89,78.833,отлично
26,64,68,53,69,11,48.5,хорошо
31,75,41,42,70,61,53.333,хорошо
86,12,78,74,75,46,61.833,отлично
6,25,59,88,12,42,38.667,хорошо
43,14,16,16,9,24,20.333,удовлетворительно
62,17,61,22,43,70,45.833,хорошо
82,4,27,19,97,99,54.667,хорошо
9,46,38,35,53,55,39.333,хорошо
44,43,46,10,8,7,26.333,удовлетворительно
74,53,48,60,63,28,54.333,хорошо
91,76,73,61,33,43,62.833,отлично
40,18,29,51,48,18,34.0,удовлетворительно
5,82,72,13,93,82,57.833,хорошо
45,62,73,81,96,66,70.5,отлично
62,70,48,29,62,18,48.167,хорошо
92,71,34,61,48,70,62.667,отлично
25,96,99,52,97,43,68.667,отлично
84,17,62,55,95,0,52.167,хорошо
4,37,43,50,85,2,36.833,хорошо
9,4,61,17,68,24,30.5,удовлетворительно
30,4,69,55,13,7,29.667,удовлетворительно
20,12,55,71,61,49,44.667,хорошо
67,47,80,64,41,41,56.667,хорошо
74,80,45,58,61,87,67.5,отлично
7,29,47,12,69,35,33.167,удовлетворительно
76,36,60,19,50,80,53.5,хорошо
33,87,40,84,63,82,64.833,отлично
70,23,39,70,60,62,54.0,хорошо
69,44,79,12,65,9,46.333,хорошо
39,74,6,72,84,1,46.0,хорошо
28,13,97,2,59,95,49.0,хорошо
29,63,10,32,81,73,48.0,хорошо
14,38,38,9,32,41,28.667,удовлетворительно
28,70,67,39,40,60,50.667,хорошо
46,10,95,78,78,0,51.167,хорошо
38,84,56,27,97,68,61.667,отлично
7,79,90,82,81,32,61.833,отлично
29,7,52,69,93,1,41.833,хорошо
67,52,41,67,60,34,53.5,хорошо
36,14,21,61,70,57,43.167,хорошо
61,11,93,32,7,37,40.167,хорошо
0,15,7,92,33,53,33.333,удовлетворительно
7,59,50,30,58,64,44.667,хорошо
65,76,12,85,58,88,64.0,отлично
64,38,82,58,81,5,54.667,хорошо
72,78,59,35,7,14,44.167,хорошо
39,36,82,1,57,0,35.833,хорошо
27,50,88,67,86,38,59.333,хорошо
96,67,1,55,39,11,44.833,хорошо
77,86,49,30,97,70,68.167,отлично
34,13,76,13,14,33,30.5,удовлетворительно
21,24,69,25,52,9,33.333,удовлетворительно
48,76,22,25,2,28,33.5,удовлетворительно
48,42,41,75,80,5,48.5,хорошо
46,10,71,31,29,24,35.167,хорошо
70,88,17,98,41,44,59.667,хорошо
56,17,33,43,86,0,39.167,хорошо
0,58,41,28,13,5,24.167,удовлетворительно
18,8,53,72,32,27,35.0,хорошо
48,26,33,96,28,68,49.833,хорошо
68,54,0,72,49,15,43.0,хорошо
95,63,54,7,1,48,44.667,хорошо
42,71,49,69,4,50,47.5,хорошо
57,17,77,24,0,7,30.333,удовлетворительно
70,34,48,15,87,94,58.0,хорошо
22,67,47,41,7,59,40.5,хорошо
97,8,42,73,46,98,60.667,отлично
4,31,28,69,4,59,32.5,удовлетворительно
21,62,37,67,70,9,44.333,хорошо
11,30,15,25,81,97,43.167,хорошо
46,85,89,44,91,92,74.5,отлично
41,33,40,14,79,53,43.333,хорошо
10,32,97,83,67,26,52.5,хорошо
41,12,52,98,38,7,41.333,хорошо
59,26,51,19,51,63,44.833,хорошо
4,90,50,0,36,89,44.833,хорошо
71,3,98,41,30,26,44.833,хорошо
80,30,54,85,11,69,54.833,хорошо
88,16,78,76,75,21,59.0,хорошо
10,74,47,91,96,56,62.333,отлично
16,16,31,55,54,45,36.167,хорошо
78,51,64,97,25,86,66.833,отлично
36,32,30,97,82,82,59.833,хорошо
40,22,47,13,46,29,32.833,удовлетворительно
81,26,37,68,28,98,56.333,хорошо
9,56,15,19,34,45,29.667,удовлетворительно
30,72,9,3,74,58,41.0,хорошо
82,53,78,22,49,93,62.833,отлично
31,94,50,86,37,27,54.167,хорошо
83,59,9,64,67,48,55.0,хорошо
54,1,86,77,56,27,50.167,хорошо
47,73,22,31,51,88,52.0,хорошо
72,89,90,79,89,47,77.667,отлично
23,38,61,75,55,40,48.667,хорошо
34,3,97,34,4,90,43.667,хорошо
62,41,70,93,65,32,60.5,отлично
77,75,82,52,61,92,73.167,отлично
91,8,15,10,70,77,45.167,хорошо
52,95,21,69,70,15,53.667,хорошо
20,16,47,44,85,83,49.167,хорошо
39,4,93,75,92,25,54.667,хорошо
72,77,10,54,47,14,45.667,хорошо
94,77,46,89,18,95,69.833,отлично
29,81,32,81,44,98,60.833,отлично
84,87,28,65,25,36,54.167,хорошо
3,3,7,30,57,80,30.0,удовлетворительно
40,30,10,55,33,22,31.667,удовлетворительно
40,97,91,84,44,5,60.167,отлично
59,2,43,25,71,57,42.833,хорошо
84,36,69,86,96,50,70.167,отлично
48,71,20,59,27,60,47.5,хорошо
3,41,70,56,27,91,48.0,хорошо
93,99,45,30,58,31,59.333,хорошо
64,21,17,71,72,84,54.833,хорошо
59,80,79,9,95,34,59.333,хорошо
41,83,99,80,96,92,81.833,отлично
24,42,92,96,55,92,66.833,отлично
92,21,95,28,12,26,45.667,хорошо
5,10,63,83,73,56,48.333,хорошо
34,18,8,20,71,24,29.167,удовлетворительно
81,43,84,97,85,1,65.167,отлично
34,67,72,71,55,87,64.333,отлично
80,35,9,96,33,94,57.833,хорошо
47,89,31,82,57,10,52.667,хорошо
89,1,51,20,89,91,56.833,хорошо
16,88,60,38,88,4,49.0,хорошо
27,37,95,96,5,50,51.667,хорошо
8,57,69,92,9,29,44.0,хорошо
53,3,12,64,95,25,42.0,хорошо
20,75,88,63,47,11,50.667,хорошо
60,84,38,38,64,4,48.0,хорошо
49,57,30,76,38,0,41.667,хорошо
21,55,91,44,18,64,48.833,хорошо
2,45,93,73,91,42,57.667,хорошо
53,49,95,15,37,6,42.5,хорошо
72,97,14,55,78,90,67.667,отлично
45,63,31,51,88,44,53.667,хорошо
0,20,81,1,48,27,29.5,удовлетворительно
37,4,72,23,1,67,34.0,удовлетворительно
34,44,7,4,73,24,31.0,удовлетворительно
73,77,89,84,66,62,75.167,отлично
85,10,5,7,81,42,38.333,хорошо
42,53,50,22,2,73,40.333,хорошо
65,10,66,15,58,33,41.167,хорошо
5,67,60,77,19,62,48.333,хорошо
42,58,58,85,56,75,62.333,отлично
53,71,46,14,75,1,43.333,хорошо
27,8,27,24,5,9,16.667,удовлетворительно
45,93,73,16,58,12,49.5,хорошо
35,74,44,28,64,32,46.167,хорошо
64,47,82,58,4,36,48.5,хорошо
31,31,30,80,39,51,43.667,хорошо
78,76,45,55,41,70,60.833,отлично
37,92,16,11,72,97,54.167,хорошо
12,39,59,60,94,8,45.333,хорошо
80,84,0,34,98,83,63.167,отлично
28,13,23,94,32,83,45.5,хорошо
92,29,60,42,49,2,45.667,хорошо
62,39,4,88,56,87,56.0,хорошо
84,37,0,75,60,5,43.5,хорошо
32,30,3,39,73,11,31.333,удовлетворительно
61,49,91,1,80,42,54.0,хорошо
44,23,60,46,22,9,34.0,удовлетворительно
94,9,83,44,53,85,61.333,отлично
59,40,98,45,80,9,55.167,хорошо
84,46,11,31,89,9,45.0,хорошо
34,59,47,88,40,63,55.167,хорошо
64,29,32,56,82,38,50.167,хорошо
88,13,93,20,82,92,64.667,отлично
35,81,47,43,15,15,39.333,хорошо
19,56,5,23,47,86,39.333,хорошо
81,82,34,70,15,41,53.833,хорошо
12,86,8,82,14,39,40.167,хорошо
72,95,25,77,58,80,67.833,отлично
29,98,28,11,83,28,46.167,хорошо
20,45,64,16,57,46,41.333,хорошо
94,66,10,80,26,64,56.667,хорошо
93,4,28,73,77,26,50.167,хорошо
61,12,46,32,50,6,34.5,удовлетворительно
17,72,62,80,14,59,50.667,хорошо
39,99,66,69,57,55,64.167,отлично
47,74,31,38,0,55,40.833,хорошо
19,12,81,66,2,44,37.333,хорошо
26,21,93,6,69,54,44.833,хорошо
79,1,95,19,63,50,51.167,хорошо
40,47,42,18,61,65,45.5,хорошо
20,22,26,1,93,66,38.0,хорошо
81,26,68,86,74,94,71.5,отлично
78,8,62,42,1,9,33.333,удовлетворительно
94,2,54,66,81,34,55.167,хорошо
32,7,49,55,18,83,40.667,хорошо
47,64,47,96,33,73,60.0,отлично
63,57,60,14,71,64,54.833,хорошо
78,44,23,42,29,63,46.5,хорошо
81,91,15,83,77,76,70.5,отлично
24,88,79,87,23,90,65.167,отлично
15,14,62,10,63,83,41.167,хорошо
66,19,10,37,24,54,35.0,хорошо
59,55,15,68,15,55,44.5,хорошо
80,43,85,6,82,6,50.333,хорошо
6,83,14,42,28,80,42.167,хорошо
25,15,4,71,2,52,28.167,удовлетворительно
51,70,79,3,30,45,46.333,хорошо
54,12,23,3,64,47,33.833,удовлетворительно
63,58,7,9,4,28,28.167,удовлетворительно
92,5,78,54,68,60,59.5,хорошо
54,85,23,23,79,47,51.833,хорошо
80,59,61,66,84,5,59.167,хорошо
90,61,81,73,53,77,72.5,отлично
24,46,0,63,86,60,46.5,хорошо
42,54,22,4,99,23,40.667,хорошо
32,31,80,45,0,5,32.167,удовлетворительно
93,55,60,59,12,30,51.5,хорошо
77,84,86,38,97,3,64.167,отлично
86,91,25,8,12,78,50.0,хорошо
94,66,24,25,22,55,47.667,хорошо
66,14,10,51,14,21,29.333,удовлетворительно
50,5,76,45,94,13,47.167,хорошо
26,61,44,55,60,28,45.667,хорошо
59,56,34,35,78,21,47.167,хорошо
54,89,52,95,42,86,69.667,отлично
71,58,74,43,70,59,62.5,отлично
70,2,39,53,36,46,41.0,хорошо
75,18,59,6,5,16,29.833,удовлетворительно
59,80,37,9,13,75,45.5,хорошо
68,51,63,71,92,62,67.833,отлично
12,84,34,17,57,4,34.667,удовлетворительно
31,97,33,83,77,84,67.5,отлично
29,46,48,56,70,72,53.5,хорошо
28,23,8,17,35,34,24.167,удовлетворительно
10,88,93,42,42,83,59.667,хорошо
97,27,29,16,26,52,41.167,хорошо
67,47,5,74,22,67,47.0,хорошо
80,45,70,27,24,21,44.5,хорошо
66,63,96,69,1,42,56.167,хорошо
6,72,75,57,22,69,50.167,хорошо
93,74,69,47,18,6,51.167,хорошо
40,3,45,38,63,70,43.167,хорошо
41,95,51,31,19,4,40.167,хорошо
21,72,20,7,95,87,50.333,хорошо
76,48,82,26,43,59,55.667,хорошо
70,95,52,96,34,37,64.0,отлично
76,16,14,31,93,23,42.167,хорошо
67,43,56,52,68,80,61.0,отлично
19,60,35,35,63,73,47.5,хорошо
34,82,33,18,33,4,34.0,удовлетворительно
78,18,7,15,25,22,27.5,удовлетворительно
91,42,42,55,24,87,56.833,хорошо
85,7,52,29,47,43,43.833,хорошо
65,88,7,78,2,51,48.5,хорошо
31,45,37,81,99,22,52.5,хорошо
81,46,10,67,27,94,54.167,хорошо
54,26,81,4,12,19,32.667,удовлетворительно
61,56,43,81,79,41,60.167,отлично
54,68,20,74,55,74,57.5,хорошо
92,84,24,86,67,62,69.167,отлично
11,33,85,48,94,40,51.833,хорошо
18,94,99,47,37,37,55.333,хорошо
23,49,48,77,54,63,52.333,хорошо
49,8,87,17,27,99,47.833,хорошо
66,50,48,96,15,84,59.833,хорошо
9,95,58,69,3,44,46.333,хорошо
59,92,21,40,31,98,56.833,хорошо
97,21,74,98,15,49,59.0,хорошо
68,34,3,55,53,70,47.167,хорошо
70,89,93,72,9,12,57.5,хорошо
1,79,39,23,74,79,49.167,хорошо
4,92,67,35,10,1,34.833,удовлетворительно
91,42,69,23,8,39,45.333,хорошо
91,45,74,33,35,41,53.167,хорошо
77,78,55,12,84,85,65.167,отлично
63,57,20,67,1,3,35.167,хорошо
97,6,53,33,87,66,57.0,хорошо
32,23,76,79,9,27,41.0,хорошо
43,47,83,6,52,85,52.667,хорошо
53,35,82,39,93,44,57.667,хорошо
50,72,33,57,10,8,38.333,хорошо
42,20,23,25,48,99,42.833,хорошо
61,13,32,85,59,78,54.667,хорошо
51,33,65,43,22,97,51.833,хорошо
75,87,12,16,78,66,55.667,хорошо
77,76,68,87,98,74,80.0,отлично
32,22,93,72,24,15,43.0,хорошо
70,46,50,47,23,27,43.833,хорошо
35,14,51,24,42,54,36.667,хорошо
38,71,85,26,29,96,57.5,хорошо
26,66,40,47,26,29,39.0,хорошо
93,70,98,95,19,31,67.667,отлично
0,70,24,7,60,20,30.167,удовлетворительно
83,79,3,35,51,46,49.5,хорошо
48,58,59,27,11,61,44.0,хорошо
61,25,74,6,3,65,39.0,хорошо
81,47,36,16,57,28,44.167,хорошо
30,23,91,95,90,83,68.667,отлично
39,48,51,43,29,12,37.0,хорошо
17,11,83,80,21,75,47.833,хорошо
97,23,54,48,50,93,60.833,отлично
65,60,93,45,0,37,50.0,хорошо
39,14,38,25,59,44,36.5,хорошо
57,57,9,5,12,32,28.667,удовлетворительно
86,43,14,4,47,79,45.5,хорошо
60,32,26,7,78,69,45.333,хорошо
1,30,91,60,41,83,51.0,хорошо
75,74,47,77,18,82,62.167,отлично
52,72,56,88,47,39,59.0,хорошо
56,61,36,91,65,53,60.333,отлично
36,78,75,78,20,10,49.5,хорошо
30,23,18,5,12,79,27.833,удовлетворительно
54,93,70,54,67,9,57.833,хорошо
5,19,89,71,6,93,47.167,хорошо
35,51,45,73,23,82,51.5,хорошо
48,6,89,12,94,82,55.167,хорошо
18,72,70,55,64,34,52.167,хорошо
22,31,60,70,91,65,56.5,хорошо
59,15,8,2,88,5,29.5,удовлетворительно
6,75,90,74,95,66,67.667,отлично
99,66,69,27,4,43,51.333,хорошо
37,18,76,29,78,2,40.0,хорошо
70,20,5,50,81,34,43.333,хорошо
52,21,95,41,4,68,46.833,хорошо
67,79,14,11,76,91,56.333,хорошо
83,2,40,3,24,84,39.333,хорошо
32,24,82,58,28,49,45.5,хорошо
32,26,61,80,77,15,48.5,хорошо
4,80,68,39,48,14,42.167,хорошо
13,47,68,54,61,51,49.0,хорошо
56,80,5,98,18,62,53.167,хорошо
98,26,24,38,29,34,41.5,хорошо
20,82,45,38,0,53,39.667,хорошо
86,89,19,32,95,5,54.333,хорошо
96,26,0,66,22,33,40.5,хорошо
58,82,54,4,95,92,64.167,отлично
23,71,66,18,63,10,41.833,хорошо
37,15,83,81,61,20,49.5,хорошо
5,86,79,14,58,61,50.5,хорошо
5,60,65,77,2,31,40.0,хорошо
21,54,72,7,77,86,52.833,хорошо
73,71,19,82,34,53,55.333,хорошо
25,45,66,28,56,0,36.667,хорошо
32,58,11,72,4,4,30.167,удовлетворительно
12,39,93,84,63,74,60.833,отлично
25,97,69,21,38,45,49.167,хорошо
67,62,13,74,3,77,49.333,хорошо
48,50,98,42,92,42,62.0,отлично
43,66,55,96,39,49,58.0,хорошо
1,32,96,32,47,50,43.0,хорошо
43,0,55,55,72,55,46.667,хорошо
56,37,22,88,69,32,50.667,хорошо
12,83,77,7,85,22,47.667,хорошо
73,84,34,23,81,23,53.0,хорошо
85,23,99,82,69,43,66.833,отлично
38,50,85,16,20,80,48.167,хорошо
76,64,13,35,70,34,48.667,хорошо
91,46,95,10,58,0,50.0,хорошо
72,38,48,54,14,5,38.5,хорошо
24,49,81,5,45,38,40.333,хорошо
81,87,43,49,81,79,70.0,отлично
57,42,40,10,86,22,42.833,хорошо
72,21,2,35,37,71,39.667,хорошо
41,67,33,52,43,44,46.667,хорошо
4,80,26,35,49,17,35.167,хорошо
96,82,43,11,80,78,65.0,отлично
60,88,22,78,7,63,53.0,хорошо
28,38,66,7,77,50,44.333,хорошо
65,65,52,46,9,37,45.667,хорошо
7,95,24,93,20,7,41.0,хорошо
14,56,75,98,97,67,67.833,отлично
81,4,4,93,52,34,44.667,хорошо
85,72,16,30,33,92,54.667,хорошо
28,18,66,40,12,73,39.5,хорошо
55,76,78,41,84,80,69.0,отлично
67,55,78,40,14,41,49.167,хорошо
59,65,78,36,66,87,65.167,отлично
32,46,16,83,42,1,36.667,хорошо
76,44,56,98,78,15,61.167,отлично
52,23,6,97,45,99,53.667,хорошо
44,69,80,72,93,66,70.667,отлично
83,36,24,82,14,62,50.167,хорошо
43,94,1,35,94,37,50.667,хорошо
18,98,79,70,4,51,53.333,хорошо
65,98,35,90,97,72,76.167,отлично
70,40,37,47,53,85,55.333,хорошо
69,13,81,25,68,82,56.333,хорошо
20,5,50,8,53,92,38.0,хорошо
25,5,74,38,81,28,41.833,хорошо
88,64,92,60,5,38,57.833,хорошо
56,60,16,63,87,23,50.833,хорошо
66,81,30,28,11,53,44.833,хорошо
61,19,90,83,69,38,60.0,отлично
8,16,61,27,12,80,34.0,удовлетворительно
37,32,13,58,61,20,36.833,хорошо
71,61,20,24,15,54,40.833,хорошо
82,95,52,62,15,13,53.167,хорошо
32,34,57,54,72,44,48.833,хорошо
38,99,99,18,26,1,46.833,хорошо
27,35,25,22,32,40,30.167,удовлетворительно
12,94,45,62,29,11,42.167,хорошо
55,33,56,74,75,78,61.833,отлично
74,12,21,38,95,69,51.5,хорошо
45,68,97,65,42,63,63.333,отлично
3,80,67,69,34,72,54.167,хорошо
50,1,87,84,58,17,49.5,хорошо
22,51,26,93,83,94,61.5,отлично
44,4,0,62,16,45,28.5,удовлетворительно
98,59,21,16,19,11,37.333,хорошо
23,48,7,94,17,88,46.167,хорошо
75,16,50,7,27,43,36.333,хорошо
4,59,44,8,36,65,36.0,хорошо
26,47,14,82,48,6,37.167,хорошо
71,92,5,67,45,17,49.5,хорошо
66,44,12,64,26,47,43.167,хорошо
31,54,87,42,72,37,53.833,хорошо
4,3,30,32,10,34,18.833,удовлетворительно
60,62,87,40,50,73,62.0,отлично
77,76,92,30,84,3,60.333,отлично
44,62,27,15,84,93,54.167,хорошо
0,39,18,49,62,4,28.667,удовлетворительно
57,67,56,47,78,91,66.0,отлично
3,80,37,6,17,51,32.333,удовлетворительно
21,24,92,18,98,63,52.667,хорошо
37,2,57,11,15,59,30.167,удовлетворительно
49,59,35,90,52,43,54.667,хорошо
85,36,69,37,54,14,49.167,хорошо
31,40,56,10,0,74,35.167,хорошо
56,90,9,16,10,12,32.167,удовлетворительно
95,5,56,20,56,96,54.667,хорошо
40,45,97,17,1,58,43.0,хорошо
13,34,24,72,56,52,41.833,хорошо
87,42,43,45,13,97,54.5,хорошо
69,82,84,57,97,14,67.167,отлично
53,82,39,51,97,70,65.333,отлично
67,19,3,21,44,54,34.667,удовлетворительно
90,16,28,39,66,14,42.167,хорошо
69,87,8,76,79,78,66.167,отлично
78,30,13,23,10,74,38.0,хорошо
10,61,79,45,39,85,53.167,хорошо
16,46,82,18,59,11,38.667,хорошо
97,73,41,27,50,50,56.333,хорошо
21,10,94,43,23,13,34.0,удовлетворительно
45,18,99,67,72,36,56.167,хорошо
51,74,31,59,64,95,62.333,отлично
8,51,23,51,46,10,31.5,удовлетворительно
14,79,71,3,57,43,44.5,хорошо
71,96,10,49,11,13,41.667,хорошо
81,39,74,83,7,63,57.833,хорошо
84,69,29,62,92,51,64.5,отлично
60,90,30,13,5,3,33.5,удовлетворительно
82,26,19,91,91,40,58.167,хорошо
53,32,91,89,99,84,74.667,отлично
7,94,91,58,87,83,70.0,отлично
55,47,21,48,1,55,37.833,хорошо
86,44,30,60,44,44,51.333,хорошо
27,33,74,12,60,87,48.833,хорошо
1,4,75,75,88,69,52.0,хорошо
48,85,36,82,10,0,43.5,хорошо
72,80,95,73,11,60,65.167,отлично
57,54,79,74,12,85,60.167,отлично
78,18,27,7,36,85,41.833,хорошо
30,32,60,53,46,43,44.0,хорошо
67,57,49,94,73,44,64.0,отлично
80,14,17,85,11,54,43.5,хорошо
63,21,71,82,3,71,51.833,хорошо
53,48,40,81,3,40,44.167,хорошо
22,2,5,67,33,2,21.833,удовлетворительно
57,48,0,68,61,1,39.167,хорошо
3,45,86,79,13,87,52.167,хорошо
22,94,96,20,18,50,50.0,хорошо
16,50,65,0,32,56,36.5,хорошо
54,45,11,26,44,1,30.167,удовлетворительно
4,96,66,83,45,9,50.5,хорошо
93,88,46,21,77,70,65.833,отлично
81,90,26,68,88,67,70.0,отлично
94,69,82,54,12,72,63.833,отлично
94,7,78,39,53,72,57.167,хорошо
56,76,61,34,10,58,49.167,хорошо
18,17,84,32,4,36,31.833,удовлетворительно
77,67,32,76,66,47,60.833,отлично
66,15,40,3,74,90,48.0,хорошо
68,98,68,12,67,93,67.667,отлично
13,83,23,6,25,81,38.5,хорошо
12,71,93,79,53,62,61.667,отлично
97,34,34,87,54,67,62.167,отлично
14,73,77,44,74,10,48.667,хорошо
96,51,4,18,36,90,49.167,хорошо
91,35,17,81,15,3,40.333,хорошо
85,92,72,7,25,16,49.5,хорошо
16,56,66,66,94,34,55.333,хорошо
83,26,62,22,28,81,50.333,хорошо
21,94,78,2,18,37,41.667,хорошо
49,96,66,65,4,73,58.833,хорошо
50,44,94,10,8,48,42.333,хорошо
98,0,87,18,86,7,49.333,хорошо
42,62,25,97,85,59,61.667,отлично
54,0,97,27,43,87,51.333,хорошо
45,93,71,97,22,44,62.0,отлично
86,78,34,39,29,7,45.5,хорошо
29,8,80,30,82,14,40.5,хорошо
47,62,75,38,69,63,59.0,хорошо
98,55,57,84,69,2,60.833,отлично
34,45,1,29,63,2,29.0,удовлетворительно
15,11,8,52,12,91,31.5,удовлетворительно
99,36,50,92,70,18,60.833,отлично
81,78,83,68,73,5,64.667,отлично
37,92,28,14,64,40,45.833,хорошо
10,71,34,62,86,84,57.833,хорошо
19,58,75,54,53,58,52.833,хорошо
96,14,85,18,70,55,56.333,хорошо
43,52,64,50,1,94,50.667,хорошо
32,32,1,82,6,90,40.5,хорошо
5,6,99,16,92,6,37.333,хорошо
84,54,44,45,99,52,63.0,отлично
37,70,57,61,74,31,55.0,хорошо
24,72,17,21,52,14,33.333,удовлетворительно
65,6,33,96,73,7,46.667,хорошо
84,72,95,29,2,70,58.667,хорошо
49,16,75,98,26,34,49.667,хорошо
79,47,38,70,54,58,57.667,хорошо
